Person_ID,Timestamp,CH1,CH2,CH3,CH4
b2467bf2,ts1739732325098,37,98,114,149
b2467bf2,ts1739732325098,17,45,71,102
b2467bf2,ts1739732325100,60,56,66,83
b2467bf2,ts1739732325100,0,8,33,54
b2467bf2,ts1739732325101,62,44,45,51
b2467bf2,ts1739732325101,0,0,19,33
b2467bf2,ts1739732325102,50,34,33,35
b2467bf2,ts1739732325103,0,1,15,24
b2467bf2,ts1739732325103,36,26,25,26
b2467bf2,ts1739732325104,0,4,14,19
b2467bf2,ts1739732325105,17,13,16,19
b2467bf2,ts1739732325105,0,0,8,13
b2467bf2,ts1739732325105,11,6,9,12
b2467bf2,ts1739732325107,45,34,26,22
b2467bf2,ts1739732325107,0,3,11,16
b2467bf2,ts1739732325108,56,39,31,26
b2467bf2,ts1739732325108,0,7,15,19
b2467bf2,ts1739732325109,63,45,35,30
b2467bf2,ts1739732325110,32,37,36,33
b2467bf2,ts1739732325110,58,52,46,41
b2467bf2,ts1739732325111,14,28,34,36
b2467bf2,ts1739732325119,36,34,35,36
b2467bf2,ts1739732325130,0,11,21,27
b2467bf2,ts1739732325140,0,0,0,11
b2467bf2,ts1739732325151,26,16,13,14
b2467bf2,ts1739732325162,0,0,0,5
b2467bf2,ts1739732325173,36,21,15,12
b2467bf2,ts1739732325184,0,0,0,5
b2467bf2,ts1739732325194,40,24,17,14
b2467bf2,ts1739732325205,0,0,3,7
b2467bf2,ts1739732325217,33,21,16,14
b2467bf2,ts1739732325227,0,0,5,9
b2467bf2,ts1739732325238,27,18,15,14
b2467bf2,ts1739732325248,0,1,7,10
b2467bf2,ts1739732325260,16,12,12,12
b2467bf2,ts1739732325270,11,13,14,13
b2467bf2,ts1739732325281,0,0,0,6
b2467bf2,ts1739732325293,45,28,19,15
b2467bf2,ts1739732325304,0,0,2,7
b2467bf2,ts1739732325314,49,31,22,17
b2467bf2,ts1739732325324,0,0,5,10
b2467bf2,ts1739732325336,49,32,23,19
b2467bf2,ts1739732325346,0,2,9,13
b2467bf2,ts1739732325358,42,29,23,20
b2467bf2,ts1739732325368,0,7,13,16
b2467bf2,ts1739732325379,32,25,21,20
b2467bf2,ts1739732325390,14,19,20,20
b2467bf2,ts1739732325400,2,7,13,16
b2467bf2,ts1739732325412,58,41,31,26
b2467bf2,ts1739732325423,0,4,14,18
b2467bf2,ts1739732325434,57,40,32,27
b2467bf2,ts1739732325444,0,3,13,18
b2467bf2,ts1739732325456,54,37,30,26
b2467bf2,ts1739732325466,0,6,14,18
b2467bf2,ts1739732325478,44,32,27,24
b2467bf2,ts1739732325487,0,9,15,19
b2467bf2,ts1739732325499,37,26,24,22
b2467bf2,ts1739732325509,6,14,18,20
b2467bf2,ts1739732325520,3,7,12,15
b2467bf2,ts1739732325531,45,34,27,23
b2467bf2,ts1739732325542,0,0,7,13
b2467bf2,ts1739732325553,55,35,26,22
b2467bf2,ts1739732325564,0,0,7,13
b2467bf2,ts1739732325575,51,33,25,21
b2467bf2,ts1739732325585,0,0,9,14
b2467bf2,ts1739732325597,41,28,22,20
b2467bf2,ts1739732325608,0,5,11,15
b2467bf2,ts1739732325619,30,22,19,18
b2467bf2,ts1739732325629,0,8,13,15
b2467bf2,ts1739732325640,12,11,12,14
b2467bf2,ts1739732325651,35,29,23,20
b2467bf2,ts1739732325662,0,0,5,11
b2467bf2,ts1739732325672,51,33,25,20
b2467bf2,ts1739732325683,0,0,6,11
b2467bf2,ts1739732325695,54,35,25,21
b2467bf2,ts1739732325705,0,0,9,13
b2467bf2,ts1739732325717,50,33,25,21
b2467bf2,ts1739732325728,0,4,12,15
b2467bf2,ts1739732325738,35,26,22,20
b2467bf2,ts1739732325749,0,9,14,16
b2467bf2,ts1739732325760,21,17,17,17
b2467bf2,ts1739732325772,31,28,24,22
b2467bf2,ts1739732325782,0,0,6,12
b2467bf2,ts1739732325793,53,34,25,21
b2467bf2,ts1739732325804,0,0,6,12
b2467bf2,ts1739732325815,53,35,26,21
b2467bf2,ts1739732325825,0,1,9,14
b2467bf2,ts1739732325836,47,32,25,21
b2467bf2,ts1739732325847,0,4,12,15
b2467bf2,ts1739732325858,39,28,23,21
b2467bf2,ts1739732325869,0,12,16,18
b2467bf2,ts1739732325879,32,26,23,21
b2467bf2,ts1739732325891,21,25,24,23
b2467bf2,ts1739732325901,0,1,10,15
b2467bf2,ts1739732325912,59,40,30,25
b2467bf2,ts1739732325923,0,0,10,16
b2467bf2,ts1739732325935,61,42,31,26
b2467bf2,ts1739732325944,0,1,11,17
b2467bf2,ts1739732325956,49,33,26,24
b2467bf2,ts1739732325967,0,5,13,17
b2467bf2,ts1739732325978,41,29,24,22
b2467bf2,ts1739732325989,6,15,18,20
b2467bf2,ts1739732326000,30,26,23,22
b2467bf2,ts1739732326011,19,23,23,23
b2467bf2,ts1739732326021,0,3,11,16
b2467bf2,ts1739732326032,59,40,30,25
b2467bf2,ts1739732326043,0,2,12,16
b2467bf2,ts1739732326054,54,37,29,25
b2467bf2,ts1739732326064,0,0,9,15
b2467bf2,ts1739732326076,50,33,25,22
b2467bf2,ts1739732326087,0,2,10,15
b2467bf2,ts1739732326098,40,31,24,21
b2467bf2,ts1739732326108,0,7,13,16
b2467bf2,ts1739732326119,29,22,20,19
b2467bf2,ts1739732326130,9,15,17,18
b2467bf2,ts1739732326141,1,5,10,14
b2467bf2,ts1739732326152,54,43,32,25
b2467bf2,ts1739732326163,0,0,11,16
b2467bf2,ts1739732326174,54,37,29,25
b2467bf2,ts1739732326185,0,0,10,15
b2467bf2,ts1739732326196,54,37,28,24
b2467bf2,ts1739732326206,0,12,17,20
b2467bf2,ts1739732326218,47,35,29,26
b2467bf2,ts1739732326229,8,18,22,23
b2467bf2,ts1739732326239,39,32,29,27
b2467bf2,ts1739732326250,28,30,29,28
b2467bf2,ts1739732326261,18,21,24,25
b2467bf2,ts1739732326272,64,51,41,35
b2467bf2,ts1739732326283,0,7,19,24
b2467bf2,ts1739732326293,58,42,35,32
b2467bf2,ts1739732326305,0,0,13,20
b2467bf2,ts1739732326315,60,41,32,28
b2467bf2,ts1739732326326,0,4,14,19
b2467bf2,ts1739732326337,41,30,25,24
b2467bf2,ts1739732326348,0,6,13,17
b2467bf2,ts1739732326360,29,22,20,19
b2467bf2,ts1739732326370,11,15,18,19
b2467bf2,ts1739732326381,5,7,12,15
b2467bf2,ts1739732326391,45,35,27,23
b2467bf2,ts1739732326403,0,0,6,12
b2467bf2,ts1739732326413,50,33,24,21
b2467bf2,ts1739732326424,0,0,7,13
b2467bf2,ts1739732326436,50,33,25,21
b2467bf2,ts1739732326446,0,0,7,13
b2467bf2,ts1739732326458,35,22,19,17
b2467bf2,ts1739732326467,0,0,6,11
b2467bf2,ts1739732326479,17,11,11,12
b2467bf2,ts1739732326489,0,0,4,8
b2467bf2,ts1739732326500,0,0,1,5
b2467bf2,ts1739732326510,5,6,6,7
b2467bf2,ts1739732326521,0,0,0,0
b2467bf2,ts1739732326532,35,20,11,7
b2467bf2,ts1739732326543,0,0,0,1
b2467bf2,ts1739732326555,41,23,15,10
b2467bf2,ts1739732326565,0,0,0,3
b2467bf2,ts1739732326577,34,19,13,10
b2467bf2,ts1739732326586,0,0,1,4
b2467bf2,ts1739732326598,24,15,11,10
b2467bf2,ts1739732326608,0,0,4,7
b2467bf2,ts1739732326619,12,9,8,8
b2467bf2,ts1739732326630,0,0,4,6
b2467bf2,ts1739732326640,0,0,2,4
b2467bf2,ts1739732326651,20,16,12,10
b2467bf2,ts1739732326662,0,0,0,1
b2467bf2,ts1739732326673,40,23,14,10
b2467bf2,ts1739732326684,0,0,0,3
b2467bf2,ts1739732326695,44,28,19,14
b2467bf2,ts1739732326706,0,0,2,7
b2467bf2,ts1739732326716,39,24,17,13
b2467bf2,ts1739732326727,0,0,5,8
b2467bf2,ts1739732326739,33,23,17,14
b2467bf2,ts1739732326749,0,3,8,11
b2467bf2,ts1739732326760,20,14,13,13
b2467bf2,ts1739732326770,3,9,11,12
b2467bf2,ts1739732326781,0,0,0,5
b2467bf2,ts1739732326792,48,30,20,15
b2467bf2,ts1739732326803,0,0,1,6
b2467bf2,ts1739732326814,45,29,20,16
b2467bf2,ts1739732326825,0,0,2,8
b2467bf2,ts1739732326835,47,30,21,16
b2467bf2,ts1739732326846,0,1,8,11
b2467bf2,ts1739732326858,36,25,19,16
b2467bf2,ts1739732326868,0,1,8,11
b2467bf2,ts1739732326879,26,19,16,15
b2467bf2,ts1739732326890,0,7,11,13
b2467bf2,ts1739732326901,14,11,11,13
b2467bf2,ts1739732326912,36,30,23,19
b2467bf2,ts1739732326922,0,0,4,10
b2467bf2,ts1739732326934,49,31,22,18
b2467bf2,ts1739732326945,0,0,4,9
b2467bf2,ts1739732326956,51,35,25,20
b2467bf2,ts1739732326966,0,0,8,12
b2467bf2,ts1739732326977,42,28,21,18
b2467bf2,ts1739732326988,0,1,8,12
b2467bf2,ts1739732326999,34,24,19,16
b2467bf2,ts1739732327010,0,9,13,14
b2467bf2,ts1739732327021,21,17,16,16
b2467bf2,ts1739732327031,27,26,22,20
b2467bf2,ts1739732327042,0,0,5,11
b2467bf2,ts1739732327053,53,34,25,20
b2467bf2,ts1739732327063,0,0,7,12
b2467bf2,ts1739732327074,53,35,26,21
b2467bf2,ts1739732327086,0,0,7,13
b2467bf2,ts1739732327097,47,31,24,20
b2467bf2,ts1739732327108,0,3,10,14
b2467bf2,ts1739732327119,38,27,22,19
b2467bf2,ts1739732327130,0,9,13,16
b2467bf2,ts1739732327140,29,22,20,18
b2467bf2,ts1739732327152,17,22,21,20
b2467bf2,ts1739732327162,0,0,8,13
b2467bf2,ts1739732327173,56,37,27,22
b2467bf2,ts1739732327183,0,0,9,14
b2467bf2,ts1739732327195,55,37,28,23
b2467bf2,ts1739732327206,0,0,9,14
b2467bf2,ts1739732327216,49,32,25,21
b2467bf2,ts1739732327227,0,3,11,14
b2467bf2,ts1739732327238,41,28,23,20
b2467bf2,ts1739732327249,0,9,14,16
b2467bf2,ts1739732327260,29,23,20,19
b2467bf2,ts1739732327271,11,16,18,18
b2467bf2,ts1739732327281,0,3,9,13
b2467bf2,ts1739732327293,56,38,28,23
b2467bf2,ts1739732327304,0,0,10,15
b2467bf2,ts1739732327314,54,38,28,24
b2467bf2,ts1739732327325,0,0,9,14
b2467bf2,ts1739732327336,54,35,27,23
b2467bf2,ts1739732327347,0,3,12,16
b2467bf2,ts1739732327358,45,32,25,22
b2467bf2,ts1739732327368,0,8,14,17
b2467bf2,ts1739732327379,33,26,22,21
b2467bf2,ts1739732327390,9,16,18,19
b2467bf2,ts1739732327401,11,11,15,16
b2467bf2,ts1739732327412,54,43,33,27
b2467bf2,ts1739732327423,0,2,13,18
b2467bf2,ts1739732327434,56,39,31,26
b2467bf2,ts1739732327444,0,0,11,16
b2467bf2,ts1739732327455,55,37,28,24
b2467bf2,ts1739732327466,0,6,14,17
b2467bf2,ts1739732327478,44,32,26,23
b2467bf2,ts1739732327488,0,8,15,18
b2467bf2,ts1739732327499,36,27,23,22
b2467bf2,ts1739732327510,10,16,19,20
b2467bf2,ts1739732327522,19,17,18,19
b2467bf2,ts1739732327532,52,42,33,28
b2467bf2,ts1739732327543,0,2,13,18
b2467bf2,ts1739732327554,57,40,31,27
b2467bf2,ts1739732327565,0,0,11,17
b2467bf2,ts1739732327575,56,38,29,25
b2467bf2,ts1739732327586,0,4,13,17
b2467bf2,ts1739732327598,44,31,25,23
b2467bf2,ts1739732327608,0,8,14,17
b2467bf2,ts1739732327619,37,27,23,21
b2467bf2,ts1739732327630,9,17,19,20
b2467bf2,ts1739732327641,21,19,20,20
b2467bf2,ts1739732327652,47,39,32,28
b2467bf2,ts1739732327662,0,0,11,17
b2467bf2,ts1739732327674,58,38,30,26
b2467bf2,ts1739732327685,0,1,11,17
b2467bf2,ts1739732327695,57,38,30,25
b2467bf2,ts1739732327707,0,2,12,17
b2467bf2,ts1739732327718,46,32,26,23
b2467bf2,ts1739732327728,0,6,13,17
b2467bf2,ts1739732327739,40,29,24,22
b2467bf2,ts1739732327750,4,14,18,19
b2467bf2,ts1739732327761,23,20,20,20
b2467bf2,ts1739732327771,37,34,29,26
b2467bf2,ts1739732327782,0,0,10,16
b2467bf2,ts1739732327794,58,38,29,24
b2467bf2,ts1739732327805,0,0,9,15
b2467bf2,ts1739732327815,56,37,28,24
b2467bf2,ts1739732327826,0,1,10,15
b2467bf2,ts1739732327837,47,32,25,22
b2467bf2,ts1739732327847,0,7,13,17
b2467bf2,ts1739732327858,38,28,23,21
b2467bf2,ts1739732327870,2,12,16,18
b2467bf2,ts1739732327881,24,21,20,19
b2467bf2,ts1739732327892,31,29,26,24
b2467bf2,ts1739732327902,0,0,9,15
b2467bf2,ts1739732327914,58,39,29,24
b2467bf2,ts1739732327924,0,0,9,15
b2467bf2,ts1739732327936,57,38,29,24
b2467bf2,ts1739732327946,0,0,10,15
b2467bf2,ts1739732327957,50,33,26,22
b2467bf2,ts1739732327968,0,4,12,16
b2467bf2,ts1739732327979,40,29,24,21
b2467bf2,ts1739732327990,0,11,16,18
b2467bf2,ts1739732328001,30,23,21,20
b2467bf2,ts1739732328012,23,27,25,23
b2467bf2,ts1739732328022,0,3,11,16
b2467bf2,ts1739732328033,59,41,31,26
b2467bf2,ts1739732328044,0,1,12,17
b2467bf2,ts1739732328055,58,39,30,26
b2467bf2,ts1739732328065,0,2,12,17
b2467bf2,ts1739732328077,51,35,27,24
b2467bf2,ts1739732328087,0,7,14,18
b2467bf2,ts1739732328099,44,32,26,23
b2467bf2,ts1739732328109,4,14,18,20
b2467bf2,ts1739732328120,44,35,29,26
b2467bf2,ts1739732328131,50,46,39,33
b2467bf2,ts1739732328142,19,28,30,31
b2467bf2,ts1739732328153,65,53,44,39
b2467bf2,ts1739732328164,6,22,29,32
b2467bf2,ts1739732328175,60,48,41,38
b2467bf2,ts1739732328185,1,18,25,29
b2467bf2,ts1739732328197,55,43,37,34
b2467bf2,ts1739732328207,13,24,29,32
b2467bf2,ts1739732328218,50,43,38,37
b2467bf2,ts1739732328229,25,30,34,36
b2467bf2,ts1739732328240,40,36,35,35
b2467bf2,ts1739732328251,29,33,34,34
b2467bf2,ts1739732328262,4,17,23,28
b2467bf2,ts1739732328273,61,46,39,35
b2467bf2,ts1739732328284,0,9,20,26
b2467bf2,ts1739732328294,57,42,35,32
b2467bf2,ts1739732328305,0,5,16,22
b2467bf2,ts1739732328317,51,36,31,28
b2467bf2,ts1739732328327,0,5,14,20
b2467bf2,ts1739732328339,41,30,26,24
b2467bf2,ts1739732328349,0,6,14,18
b2467bf2,ts1739732328360,29,22,20,20
b2467bf2,ts1739732328371,1,12,15,17
b2467bf2,ts1739732328382,0,0,7,11
b2467bf2,ts1739732328393,40,27,21,18
b2467bf2,ts1739732328403,0,0,4,10
b2467bf2,ts1739732328414,41,27,20,17
b2467bf2,ts1739732328425,0,0,3,8
b2467bf2,ts1739732328436,42,27,19,16
b2467bf2,ts1739732328447,0,0,7,10
b2467bf2,ts1739732328458,33,23,18,16
b2467bf2,ts1739732328468,0,0,6,10
b2467bf2,ts1739732328479,22,15,13,13
b2467bf2,ts1739732328490,0,0,6,9
b2467bf2,ts1739732328501,7,5,6,8
b2467bf2,ts1739732328513,17,16,13,12
b2467bf2,ts1739732328522,0,0,0,3
b2467bf2,ts1739732328533,33,19,13,10
b2467bf2,ts1739732328545,0,0,0,3
b2467bf2,ts1739732328555,41,25,17,13
b2467bf2,ts1739732328566,0,0,1,6
b2467bf2,ts1739732328576,30,19,14,12
b2467bf2,ts1739732328588,0,0,2,6
b2467bf2,ts1739732328599,24,15,12,11
b2467bf2,ts1739732328609,0,0,4,7
b2467bf2,ts1739732328620,11,8,8,9
b2467bf2,ts1739732328631,0,0,4,7
b2467bf2,ts1739732328641,0,0,0,2
b2467bf2,ts1739732328653,27,17,12,9
b2467bf2,ts1739732328663,0,0,0,2
b2467bf2,ts1739732328674,34,20,13,10
b2467bf2,ts1739732328685,0,0,0,3
b2467bf2,ts1739732328696,38,23,15,12
b2467bf2,ts1739732328706,0,0,2,6
b2467bf2,ts1739732328718,32,20,15,12
b2467bf2,ts1739732328727,0,0,4,7
b2467bf2,ts1739732328740,32,20,15,13
b2467bf2,ts1739732328750,0,2,7,9
b2467bf2,ts1739732328762,21,15,13,12
b2467bf2,ts1739732328772,16,18,16,15
b2467bf2,ts1739732328782,0,0,3,8
b2467bf2,ts1739732328793,49,31,22,17
b2467bf2,ts1739732328804,0,0,5,10
b2467bf2,ts1739732328815,48,32,23,19
b2467bf2,ts1739732328826,0,0,6,11
b2467bf2,ts1739732328837,46,30,22,19
b2467bf2,ts1739732328848,0,6,11,14
b2467bf2,ts1739732328859,40,30,23,21
b2467bf2,ts1739732328869,0,7,13,16
b2467bf2,ts1739732328881,29,22,20,19
b2467bf2,ts1739732328891,6,15,17,18
b2467bf2,ts1739732328902,0,4,10,13
b2467bf2,ts1739732328913,47,33,25,21
b2467bf2,ts1739732328924,0,0,9,13
b2467bf2,ts1739732328935,50,34,26,22
b2467bf2,ts1739732328945,0,0,8,13
b2467bf2,ts1739732328956,53,36,27,22
b2467bf2,ts1739732328967,0,3,11,15
b2467bf2,ts1739732328978,42,30,24,21
b2467bf2,ts1739732328989,0,6,13,16
b2467bf2,ts1739732329000,35,26,22,20
b2467bf2,ts1739732329011,11,17,19,20
b2467bf2,ts1739732329022,7,10,14,16
b2467bf2,ts1739732329033,50,38,29,25
b2467bf2,ts1739732329044,0,3,12,17
b2467bf2,ts1739732329054,52,37,29,25
b2467bf2,ts1739732329066,0,3,12,17
b2467bf2,ts1739732329077,51,35,28,24
b2467bf2,ts1739732329087,0,3,12,17
b2467bf2,ts1739732329098,42,30,25,22
b2467bf2,ts1739732329109,0,5,13,16
b2467bf2,ts1739732329120,41,28,24,21
b2467bf2,ts1739732329131,1,12,16,19
b2467bf2,ts1739732329142,11,11,14,16
b2467bf2,ts1739732329153,42,33,27,23
b2467bf2,ts1739732329163,0,0,9,15
b2467bf2,ts1739732329174,53,36,27,23
b2467bf2,ts1739732329185,0,0,9,14
b2467bf2,ts1739732329197,49,33,25,22
b2467bf2,ts1739732329207,0,1,9,14
b2467bf2,ts1739732329218,42,28,23,20
b2467bf2,ts1739732329228,0,5,12,15
b2467bf2,ts1739732329240,33,24,21,19
b2467bf2,ts1739732329251,0,8,13,16
b2467bf2,ts1739732329261,18,15,15,16
b2467bf2,ts1739732329273,31,27,23,21
b2467bf2,ts1739732329283,0,0,8,13
b2467bf2,ts1739732329294,45,30,23,20
b2467bf2,ts1739732329304,0,0,6,11
b2467bf2,ts1739732329315,49,32,24,20
b2467bf2,ts1739732329327,0,0,8,12
b2467bf2,ts1739732329338,43,28,22,19
b2467bf2,ts1739732329348,0,1,9,13
b2467bf2,ts1739732329360,39,26,21,18
b2467bf2,ts1739732329370,0,6,12,15
b2467bf2,ts1739732329381,27,20,18,17
b2467bf2,ts1739732329393,23,24,22,20
b2467bf2,ts1739732329403,0,0,8,13
b2467bf2,ts1739732329414,52,33,25,21
b2467bf2,ts1739732329424,0,0,8,13
b2467bf2,ts1739732329436,52,35,26,22
b2467bf2,ts1739732329447,0,0,9,14
b2467bf2,ts1739732329457,47,31,24,21
b2467bf2,ts1739732329468,0,3,11,15
b2467bf2,ts1739732329479,40,29,23,21
b2467bf2,ts1739732329490,0,7,13,16
b2467bf2,ts1739732329501,30,23,20,19
b2467bf2,ts1739732329512,10,16,18,18
b2467bf2,ts1739732329523,0,1,8,12
b2467bf2,ts1739732329533,48,32,24,20
b2467bf2,ts1739732329544,0,0,8,13
b2467bf2,ts1739732329555,49,33,25,21
b2467bf2,ts1739732329566,0,0,7,13
b2467bf2,ts1739732329577,49,33,25,21
b2467bf2,ts1739732329588,0,2,10,14
b2467bf2,ts1739732329599,40,29,23,20
b2467bf2,ts1739732329610,0,5,12,15
b2467bf2,ts1739732329620,33,24,21,19
b2467bf2,ts1739732329632,5,13,16,17
b2467bf2,ts1739732329642,6,8,12,14
b2467bf2,ts1739732329653,46,35,27,23
b2467bf2,ts1739732329664,0,2,11,15
b2467bf2,ts1739732329675,53,36,28,24
b2467bf2,ts1739732329686,0,2,11,16
b2467bf2,ts1739732329697,51,36,28,24
b2467bf2,ts1739732329708,0,4,12,17
b2467bf2,ts1739732329719,44,31,25,22
b2467bf2,ts1739732329730,0,6,13,17
b2467bf2,ts1739732329740,41,29,24,22
b2467bf2,ts1739732329751,3,13,17,19
b2467bf2,ts1739732329762,17,15,16,18
b2467bf2,ts1739732329773,43,35,28,25
b2467bf2,ts1739732329783,0,3,12,17
b2467bf2,ts1739732329795,53,37,29,25
b2467bf2,ts1739732329805,0,1,11,16
b2467bf2,ts1739732329816,51,36,28,24
b2467bf2,ts1739732329827,0,4,13,17
b2467bf2,ts1739732329838,44,31,25,23
b2467bf2,ts1739732329849,0,6,13,17
b2467bf2,ts1739732329860,37,27,23,21
b2467bf2,ts1739732329871,0,10,15,17
b2467bf2,ts1739732329882,22,17,17,18
b2467bf2,ts1739732329893,37,32,27,24
b2467bf2,ts1739732329904,0,3,12,16
b2467bf2,ts1739732329914,51,35,28,24
b2467bf2,ts1739732329925,0,0,10,15
b2467bf2,ts1739732329936,53,36,28,24
b2467bf2,ts1739732329947,0,3,11,16
b2467bf2,ts1739732329957,47,33,26,23
b2467bf2,ts1739732329969,0,6,13,17
b2467bf2,ts1739732329979,41,30,25,22
b2467bf2,ts1739732329990,5,14,18,20
b2467bf2,ts1739732330002,30,25,23,22
b2467bf2,ts1739732330013,39,36,31,28
b2467bf2,ts1739732330023,0,6,15,20
b2467bf2,ts1739732330035,55,39,31,28
b2467bf2,ts1739732330045,0,6,15,20
b2467bf2,ts1739732330056,56,40,32,28
b2467bf2,ts1739732330067,0,12,18,22
b2467bf2,ts1739732330078,51,37,32,28
b2467bf2,ts1739732330088,5,16,22,24
b2467bf2,ts1739732330100,47,37,32,29
b2467bf2,ts1739732330111,19,25,27,28
b2467bf2,ts1739732330120,42,35,32,31
b2467bf2,ts1739732330132,53,49,42,37
b2467bf2,ts1739732330144,3,19,26,31
b2467bf2,ts1739732330153,60,47,40,36
b2467bf2,ts1739732330165,5,19,26,30
b2467bf2,ts1739732330174,60,47,40,36
b2467bf2,ts1739732330187,12,25,29,32
b2467bf2,ts1739732330198,54,45,39,37
b2467bf2,ts1739732330207,28,34,35,35
b2467bf2,ts1739732330220,53,46,42,39
b2467bf2,ts1739732330230,42,45,42,41
b2467bf2,ts1739732330242,46,45,43,42
b2467bf2,ts1739732330253,68,61,53,48
b2467bf2,ts1739732330262,14,32,39,42
b2467bf2,ts1739732330274,62,52,48,45
b2467bf2,ts1739732330284,14,27,34,38
b2467bf2,ts1739732330292,61,50,45,42
b2467bf2,ts1739732330307,19,30,35,37
b2467bf2,ts1739732330318,57,49,44,42
b2467bf2,ts1739732330327,25,34,37,38
b2467bf2,ts1739732330340,51,46,43,41
b2467bf2,ts1739732330352,36,40,41,41
b2467bf2,ts1739732330362,40,39,39,40
b2467bf2,ts1739732330373,66,59,51,47
b2467bf2,ts1739732330384,6,25,34,38
b2467bf2,ts1739732330395,60,49,44,42
b2467bf2,ts1739732330404,3,20,28,33
b2467bf2,ts1739732330417,59,46,41,38
b2467bf2,ts1739732330427,9,21,29,32
b2467bf2,ts1739732330438,52,42,38,36
b2467bf2,ts1739732330449,11,22,28,31
b2467bf2,ts1739732330460,47,39,36,34
b2467bf2,ts1739732330472,23,29,32,32
b2467bf2,ts1739732330482,36,32,32,32
b2467bf2,ts1739732330493,61,52,45,40
b2467bf2,ts1739732330502,1,19,28,32
b2467bf2,ts1739732330515,58,46,40,37
b2467bf2,ts1739732330523,0,14,23,28
b2467bf2,ts1739732330535,57,43,37,34
b2467bf2,ts1739732330546,0,15,23,27
b2467bf2,ts1739732330555,49,37,33,31
b2467bf2,ts1739732330570,2,15,22,25
b2467bf2,ts1739732330581,44,34,31,29
b2467bf2,ts1739732330591,14,22,25,26
b2467bf2,ts1739732330603,29,25,25,26
b2467bf2,ts1739732330614,50,43,37,33
b2467bf2,ts1739732330624,0,12,21,25
b2467bf2,ts1739732330631,56,42,35,32
b2467bf2,ts1739732330646,0,8,18,23
b2467bf2,ts1739732330657,55,40,33,30
b2467bf2,ts1739732330667,0,8,17,22
b2467bf2,ts1739732330678,47,34,29,27
b2467bf2,ts1739732330688,0,7,16,20
b2467bf2,ts1739732330698,42,31,26,25
b2467bf2,ts1739732330711,0,12,17,20
b2467bf2,ts1739732330721,26,21,21,21
b2467bf2,ts1739732330734,34,33,29,26
b2467bf2,ts1739732330743,0,4,13,18
b2467bf2,ts1739732330755,51,37,30,26
b2467bf2,ts1739732330766,0,3,12,17
b2467bf2,ts1739732330776,53,37,29,25
b2467bf2,ts1739732330787,0,4,13,18
b2467bf2,ts1739732330799,45,32,27,24
b2467bf2,ts1739732330807,0,7,14,18
b2467bf2,ts1739732330820,41,30,25,23
b2467bf2,ts1739732330831,0,11,16,19
b2467bf2,ts1739732330842,29,22,21,21
b2467bf2,ts1739732330853,31,30,27,25
b2467bf2,ts1739732330861,0,2,11,16
b2467bf2,ts1739732330874,50,34,27,24
b2467bf2,ts1739732330883,0,0,10,15
b2467bf2,ts1739732330897,53,36,28,24
b2467bf2,ts1739732330908,0,2,11,16
b2467bf2,ts1739732330918,47,33,26,23
b2467bf2,ts1739732330929,0,4,12,16
b2467bf2,ts1739732330937,40,28,24,22
b2467bf2,ts1739732330951,0,8,14,17
b2467bf2,ts1739732330957,28,22,20,19
b2467bf2,ts1739732330973,22,24,22,22
b2467bf2,ts1739732330981,0,0,8,14
b2467bf2,ts1739732330995,48,31,24,21
b2467bf2,ts1739732331005,0,0,8,13
b2467bf2,ts1739732331015,50,34,25,22
b2467bf2,ts1739732331026,0,0,9,14
b2467bf2,ts1739732331038,45,30,24,21
b2467bf2,ts1739732331048,0,1,9,14
b2467bf2,ts1739732331061,40,28,22,20
b2467bf2,ts1739732331069,0,5,11,15
b2467bf2,ts1739732331082,32,25,21,19
b2467bf2,ts1739732331092,4,14,16,18
b2467bf2,ts1739732331103,0,0,7,12
b2467bf2,ts1739732331114,44,30,23,19
b2467bf2,ts1739732331125,0,0,6,11
b2467bf2,ts1739732331134,49,31,24,20
b2467bf2,ts1739732331145,0,0,5,11
b2467bf2,ts1739732331158,43,28,21,18
b2467bf2,ts1739732331168,0,0,7,11
b2467bf2,ts1739732331180,37,25,19,17
b2467bf2,ts1739732331190,0,2,9,12
b2467bf2,ts1739732331202,26,19,16,15
b2467bf2,ts1739732331211,0,5,9,12
b2467bf2,ts1739732331222,2,2,6,9
b2467bf2,ts1739732331234,27,22,17,15
b2467bf2,ts1739732331242,0,0,1,7
b2467bf2,ts1739732331255,38,24,17,14
b2467bf2,ts1739732331264,0,0,0,6
b2467bf2,ts1739732331276,42,26,18,14
b2467bf2,ts1739732331283,0,0,3,8
b2467bf2,ts1739732331297,38,25,18,15
b2467bf2,ts1739732331304,0,0,5,9
b2467bf2,ts1739732331318,28,18,15,14
b2467bf2,ts1739732331331,0,0,6,9
b2467bf2,ts1739732331339,14,10,10,10
b2467bf2,ts1739732331353,5,10,11,11
b2467bf2,ts1739732331362,0,0,0,2
b2467bf2,ts1739732331373,38,23,15,11
b2467bf2,ts1739732331383,0,0,0,4
b2467bf2,ts1739732331396,39,24,17,13
b2467bf2,ts1739732331403,0,0,0,5
b2467bf2,ts1739732331417,38,23,16,13
b2467bf2,ts1739732331426,0,0,4,7
b2467bf2,ts1739732331438,30,20,15,13
b2467bf2,ts1739732331449,0,0,4,8
b2467bf2,ts1739732331458,22,15,13,12
b2467bf2,ts1739732331471,0,2,6,9
b2467bf2,ts1739732331481,4,1,4,7
b2467bf2,ts1739732331493,26,20,15,13
b2467bf2,ts1739732331501,0,0,0,5
b2467bf2,ts1739732331515,41,24,17,13
b2467bf2,ts1739732331526,0,0,0,5
b2467bf2,ts1739732331537,49,30,21,16
b2467bf2,ts1739732331547,0,0,5,9
b2467bf2,ts1739732331559,41,28,20,17
b2467bf2,ts1739732331568,0,0,7,11
b2467bf2,ts1739732331579,37,26,20,17
b2467bf2,ts1739732331591,0,7,12,14
b2467bf2,ts1739732331602,27,21,18,17
b2467bf2,ts1739732331612,20,22,21,20
b2467bf2,ts1739732331623,0,0,7,12
b2467bf2,ts1739732331634,51,34,25,21
b2467bf2,ts1739732331641,0,0,8,13
b2467bf2,ts1739732331653,53,36,27,22
b2467bf2,ts1739732331666,0,0,8,13
b2467bf2,ts1739732331678,48,31,24,21
b2467bf2,ts1739732331688,0,2,10,14
b2467bf2,ts1739732331699,43,30,24,21
b2467bf2,ts1739732331709,0,7,13,16
b2467bf2,ts1739732331722,34,25,21,20
b2467bf2,ts1739732331732,8,16,18,19
b2467bf2,ts1739732331743,0,4,10,14
b2467bf2,ts1739732331752,51,37,27,23
b2467bf2,ts1739732331764,0,0,10,15
b2467bf2,ts1739732331776,54,36,27,23
b2467bf2,ts1739732331785,0,0,8,14
b2467bf2,ts1739732331797,50,33,25,22
b2467bf2,ts1739732331807,0,2,10,15
b2467bf2,ts1739732331820,43,30,24,21
b2467bf2,ts1739732331828,0,5,12,16
b2467bf2,ts1739732331841,33,24,21,19
b2467bf2,ts1739732331852,2,11,15,17
b2467bf2,ts1739732331862,4,6,10,14
b2467bf2,ts1739732331874,44,33,26,22
b2467bf2,ts1739732331884,0,0,8,14
b2467bf2,ts1739732331895,50,34,26,22
b2467bf2,ts1739732331905,0,0,7,13
b2467bf2,ts1739732331918,52,33,25,21
b2467bf2,ts1739732331928,0,0,9,13
b2467bf2,ts1739732331937,44,31,23,20
b2467bf2,ts1739732331949,0,3,10,14
b2467bf2,ts1739732331960,35,25,21,19
b2467bf2,ts1739732331971,0,8,13,16
b2467bf2,ts1739732331980,21,16,16,16
b2467bf2,ts1739732331994,37,33,27,23
b2467bf2,ts1739732332005,0,0,9,14
b2467bf2,ts1739732332014,52,35,27,23
b2467bf2,ts1739732332026,0,0,8,14
b2467bf2,ts1739732332035,54,35,27,23
b2467bf2,ts1739732332047,0,0,10,15
b2467bf2,ts1739732332055,45,31,24,21
b2467bf2,ts1739732332069,0,3,11,15
b2467bf2,ts1739732332079,39,28,23,21
b2467bf2,ts1739732332091,0,9,14,17
b2467bf2,ts1739732332100,29,22,20,19
b2467bf2,ts1739732332113,28,28,25,23
b2467bf2,ts1739732332123,0,0,8,14
b2467bf2,ts1739732332135,52,35,26,23
b2467bf2,ts1739732332146,0,0,8,14
b2467bf2,ts1739732332157,55,38,28,24
b2467bf2,ts1739732332167,0,0,10,15
b2467bf2,ts1739732332178,47,32,25,22
b2467bf2,ts1739732332189,0,3,11,15
b2467bf2,ts1739732332201,41,29,24,21
b2467bf2,ts1739732332211,0,10,15,17
b2467bf2,ts1739732332222,30,23,21,20
b2467bf2,ts1739732332233,20,24,23,22
b2467bf2,ts1739732332244,0,0,9,14
b2467bf2,ts1739732332255,54,36,28,23
b2467bf2,ts1739732332265,0,1,11,15
b2467bf2,ts1739732332276,54,38,29,24
b2467bf2,ts1739732332287,0,0,10,15
b2467bf2,ts1739732332298,49,33,26,22
b2467bf2,ts1739732332309,0,3,12,16
b2467bf2,ts1739732332320,44,31,25,22
b2467bf2,ts1739732332331,0,8,14,17
b2467bf2,ts1739732332341,33,25,22,21
b2467bf2,ts1739732332353,11,17,19,20
b2467bf2,ts1739732332363,0,3,10,14
b2467bf2,ts1739732332375,55,39,29,24
b2467bf2,ts1739732332386,0,1,11,15
b2467bf2,ts1739732332397,54,37,29,24
b2467bf2,ts1739732332407,0,0,9,15
b2467bf2,ts1739732332418,51,34,26,23
b2467bf2,ts1739732332429,0,4,12,16
b2467bf2,ts1739732332440,44,30,25,22
b2467bf2,ts1739732332450,0,7,14,17
b2467bf2,ts1739732332461,35,26,23,21
b2467bf2,ts1739732332472,7,15,18,19
b2467bf2,ts1739732332483,6,9,13,16
b2467bf2,ts1739732332494,53,39,30,25
b2467bf2,ts1739732332504,0,1,11,16
b2467bf2,ts1739732332516,53,38,29,25
b2467bf2,ts1739732332527,0,0,10,15
b2467bf2,ts1739732332537,54,35,27,23
b2467bf2,ts1739732332548,0,2,11,16
b2467bf2,ts1739732332560,43,30,25,22
b2467bf2,ts1739732332570,0,5,12,16
b2467bf2,ts1739732332581,35,25,22,20
b2467bf2,ts1739732332592,5,12,16,17
b2467bf2,ts1739732332604,13,11,14,16
b2467bf2,ts1739732332614,44,34,27,23
b2467bf2,ts1739732332624,0,0,8,14
b2467bf2,ts1739732332636,52,34,26,22
b2467bf2,ts1739732332646,0,0,8,13
b2467bf2,ts1739732332657,54,36,27,22
b2467bf2,ts1739732332668,0,1,10,15
b2467bf2,ts1739732332679,45,31,24,21
b2467bf2,ts1739732332690,0,4,11,15
b2467bf2,ts1739732332701,41,29,23,21
b2467bf2,ts1739732332711,0,11,15,17
b2467bf2,ts1739732332723,22,19,18,18
b2467bf2,ts1739732332734,37,33,28,25
b2467bf2,ts1739732332744,0,0,9,15
b2467bf2,ts1739732332756,55,37,28,24
b2467bf2,ts1739732332766,0,0,9,14
b2467bf2,ts1739732332777,54,36,27,23
b2467bf2,ts1739732332788,0,0,10,15
b2467bf2,ts1739732332799,45,30,24,21
b2467bf2,ts1739732332810,0,5,12,16
b2467bf2,ts1739732332821,39,28,23,21
b2467bf2,ts1739732332831,0,10,15,17
b2467bf2,ts1739732332843,25,20,19,19
b2467bf2,ts1739732332853,29,28,25,23
b2467bf2,ts1739732332864,0,0,9,14
b2467bf2,ts1739732332875,53,35,27,23
b2467bf2,ts1739732332886,0,0,8,14
b2467bf2,ts1739732332897,54,36,27,23
b2467bf2,ts1739732332907,0,0,9,14
b2467bf2,ts1739732332918,51,34,26,22
b2467bf2,ts1739732332929,0,4,12,16
b2467bf2,ts1739732332941,41,30,24,21
b2467bf2,ts1739732332951,0,8,14,17
b2467bf2,ts1739732332963,30,23,21,20
b2467bf2,ts1739732332972,19,23,22,22
b2467bf2,ts1739732332984,0,0,9,14
b2467bf2,ts1739732332995,54,36,27,23
b2467bf2,ts1739732333006,0,0,9,14
b2467bf2,ts1739732333019,53,36,28,23
b2467bf2,ts1739732333027,0,0,10,15
b2467bf2,ts1739732333039,49,33,26,22
b2467bf2,ts1739732333049,0,3,11,15
b2467bf2,ts1739732333061,42,29,24,21
b2467bf2,ts1739732333071,0,6,13,16
b2467bf2,ts1739732333082,36,26,22,20
b2467bf2,ts1739732333092,8,16,18,19
b2467bf2,ts1739732333104,0,5,11,14
b2467bf2,ts1739732333114,53,37,29,24
b2467bf2,ts1739732333125,0,0,10,15
b2467bf2,ts1739732333136,57,39,30,25
b2467bf2,ts1739732333147,0,0,10,15
b2467bf2,ts1739732333158,50,33,26,23
b2467bf2,ts1739732333169,0,2,11,15
b2467bf2,ts1739732333180,42,29,24,21
b2467bf2,ts1739732333191,0,7,13,16
b2467bf2,ts1739732333202,34,25,21,20
b2467bf2,ts1739732333212,3,12,16,18
b2467bf2,ts1739732333223,8,9,12,15
b2467bf2,ts1739732333235,46,35,28,23
b2467bf2,ts1739732333245,0,0,10,15
b2467bf2,ts1739732333256,52,36,28,23
b2467bf2,ts1739732333267,0,0,8,14
b2467bf2,ts1739732333278,52,34,26,22
b2467bf2,ts1739732333288,0,0,9,14
b2467bf2,ts1739732333299,44,30,24,21
b2467bf2,ts1739732333310,0,3,11,14
b2467bf2,ts1739732333321,36,26,21,19
b2467bf2,ts1739732333332,0,9,14,16
b2467bf2,ts1739732333343,21,17,17,17
b2467bf2,ts1739732333353,36,34,28,24
b2467bf2,ts1739732333364,0,0,9,15
b2467bf2,ts1739732333376,52,35,27,23
b2467bf2,ts1739732333386,0,0,8,14
b2467bf2,ts1739732333398,54,36,27,23
b2467bf2,ts1739732333408,0,0,10,15
b2467bf2,ts1739732333419,46,31,24,22
b2467bf2,ts1739732333429,0,3,11,15
b2467bf2,ts1739732333441,38,27,22,20
b2467bf2,ts1739732333452,0,9,14,16
b2467bf2,ts1739732333462,26,21,19,19
b2467bf2,ts1739732333473,28,28,25,22
b2467bf2,ts1739732333485,0,0,7,13
b2467bf2,ts1739732333495,52,35,26,22
b2467bf2,ts1739732333505,0,0,8,13
b2467bf2,ts1739732333517,54,36,27,22
b2467bf2,ts1739732333528,0,0,9,14
b2467bf2,ts1739732333540,47,32,24,21
b2467bf2,ts1739732333550,0,2,11,15
b2467bf2,ts1739732333560,41,29,23,21
b2467bf2,ts1739732333571,0,8,13,16
b2467bf2,ts1739732333583,30,23,20,19
b2467bf2,ts1739732333593,14,20,20,20
b2467bf2,ts1739732333604,0,0,8,13
b2467bf2,ts1739732333616,53,36,27,23
b2467bf2,ts1739732333625,0,0,9,14
b2467bf2,ts1739732333636,52,36,27,23
b2467bf2,ts1739732333647,0,0,9,14
b2467bf2,ts1739732333659,49,32,25,22
b2467bf2,ts1739732333669,0,2,10,15
b2467bf2,ts1739732333680,42,29,23,20
b2467bf2,ts1739732333691,0,5,12,15
b2467bf2,ts1739732333702,33,25,21,19
b2467bf2,ts1739732333713,3,13,16,17
b2467bf2,ts1739732333723,0,5,10,13
b2467bf2,ts1739732333734,49,36,27,22
b2467bf2,ts1739732333745,0,0,9,14
b2467bf2,ts1739732333756,54,35,27,22
b2467bf2,ts1739732333767,0,0,7,13
b2467bf2,ts1739732333778,51,33,25,21
b2467bf2,ts1739732333789,0,1,9,14
b2467bf2,ts1739732333800,43,29,23,20
b2467bf2,ts1739732333811,0,5,12,15
b2467bf2,ts1739732333822,35,25,21,19
b2467bf2,ts1739732333833,1,11,15,17
b2467bf2,ts1739732333843,15,13,15,16
b2467bf2,ts1739732333854,42,34,27,23
b2467bf2,ts1739732333865,0,0,9,14
b2467bf2,ts1739732333876,52,35,27,22
b2467bf2,ts1739732333887,0,0,8,14
b2467bf2,ts1739732333897,55,35,27,22
b2467bf2,ts1739732333909,0,0,10,15
b2467bf2,ts1739732333920,49,32,25,22
b2467bf2,ts1739732333930,0,4,12,16
b2467bf2,ts1739732333941,38,27,23,21
b2467bf2,ts1739732333952,0,10,15,17
b2467bf2,ts1739732333963,23,19,18,18
b2467bf2,ts1739732333973,36,32,27,24
b2467bf2,ts1739732333985,0,0,9,15
b2467bf2,ts1739732333996,52,34,26,22
b2467bf2,ts1739732334007,0,0,8,13
b2467bf2,ts1739732334017,53,35,26,22
b2467bf2,ts1739732334029,0,0,10,14
b2467bf2,ts1739732334040,46,31,24,21
b2467bf2,ts1739732334050,0,3,11,15
b2467bf2,ts1739732334061,39,28,23,20
b2467bf2,ts1739732334072,0,8,14,16
b2467bf2,ts1739732334082,29,23,20,19
b2467bf2,ts1739732334094,23,25,23,22
b2467bf2,ts1739732334105,0,0,7,13
b2467bf2,ts1739732334115,53,34,26,22
b2467bf2,ts1739732334126,0,0,8,13
b2467bf2,ts1739732334137,56,37,27,23
b2467bf2,ts1739732334148,0,0,9,14
b2467bf2,ts1739732334159,46,31,24,21
b2467bf2,ts1739732334170,0,2,10,14
b2467bf2,ts1739732334181,40,28,22,20
b2467bf2,ts1739732334192,0,9,14,16
b2467bf2,ts1739732334203,30,23,21,19
b2467bf2,ts1739732334213,10,17,19,19
b2467bf2,ts1739732334224,0,0,8,13
b2467bf2,ts1739732334236,53,36,26,22
b2467bf2,ts1739732334246,0,0,9,14
b2467bf2,ts1739732334257,53,36,27,23
b2467bf2,ts1739732334268,0,0,8,14
b2467bf2,ts1739732334279,50,33,25,22
b2467bf2,ts1739732334290,0,2,10,15
b2467bf2,ts1739732334300,46,32,25,21
b2467bf2,ts1739732334310,0,6,13,16
b2467bf2,ts1739732334322,33,25,21,20
b2467bf2,ts1739732334333,5,13,16,18
b2467bf2,ts1739732334344,4,6,11,14
b2467bf2,ts1739732334355,52,38,29,24
b2467bf2,ts1739732334365,0,0,10,15
b2467bf2,ts1739732334377,51,35,27,23
b2467bf2,ts1739732334387,0,0,8,14
b2467bf2,ts1739732334398,52,34,26,22
b2467bf2,ts1739732334409,0,3,12,15
b2467bf2,ts1739732334420,43,30,24,22
b2467bf2,ts1739732334431,0,5,12,16
b2467bf2,ts1739732334442,35,25,21,20
b2467bf2,ts1739732334453,2,10,15,17
b2467bf2,ts1739732334463,19,15,16,16
b2467bf2,ts1739732334474,42,35,28,24
b2467bf2,ts1739732334485,0,0,9,15
b2467bf2,ts1739732334496,53,35,27,23
b2467bf2,ts1739732334507,0,0,8,14
b2467bf2,ts1739732334518,53,38,28,23
b2467bf2,ts1739732334529,0,1,11,15
b2467bf2,ts1739732334539,43,31,24,22
b2467bf2,ts1739732334551,0,4,11,15
b2467bf2,ts1739732334561,37,27,22,20
b2467bf2,ts1739732334572,1,12,16,17
b2467bf2,ts1739732334583,23,19,18,19
b2467bf2,ts1739732334594,35,31,27,24
b2467bf2,ts1739732334604,0,0,9,15
b2467bf2,ts1739732334615,52,35,27,23
b2467bf2,ts1739732334627,0,0,9,14
b2467bf2,ts1739732334638,54,37,28,24
b2467bf2,ts1739732334649,0,0,10,15
b2467bf2,ts1739732334660,46,32,25,22
b2467bf2,ts1739732334670,0,3,11,15
b2467bf2,ts1739732334681,40,28,23,21
b2467bf2,ts1739732334692,0,9,14,17
b2467bf2,ts1739732334704,27,22,20,19
b2467bf2,ts1739732334714,26,27,24,23
b2467bf2,ts1739732334725,0,0,8,14
b2467bf2,ts1739732334736,54,36,27,23
b2467bf2,ts1739732334747,0,0,9,14
b2467bf2,ts1739732334758,53,36,27,23
b2467bf2,ts1739732334769,0,0,9,14
b2467bf2,ts1739732334779,47,31,24,21
b2467bf2,ts1739732334790,0,3,11,15
b2467bf2,ts1739732334801,41,29,23,21
b2467bf2,ts1739732334811,0,8,14,16
b2467bf2,ts1739732334823,30,23,20,20
b2467bf2,ts1739732334833,13,18,20,20
b2467bf2,ts1739732334844,0,0,8,13
b2467bf2,ts1739732334856,54,35,27,22
b2467bf2,ts1739732334866,0,0,9,14
b2467bf2,ts1739732334877,55,37,28,23
b2467bf2,ts1739732334887,0,0,8,14
b2467bf2,ts1739732334899,50,33,26,22
b2467bf2,ts1739732334909,0,2,11,15
b2467bf2,ts1739732334921,46,31,25,22
b2467bf2,ts1739732334932,0,6,13,16
b2467bf2,ts1739732334942,34,26,22,20
b2467bf2,ts1739732334953,6,14,17,18
b2467bf2,ts1739732334964,4,7,12,15
b2467bf2,ts1739732334975,52,38,29,24
b2467bf2,ts1739732334985,0,0,10,15
b2467bf2,ts1739732334997,54,36,28,24
b2467bf2,ts1739732335007,0,0,9,14
b2467bf2,ts1739732335019,52,35,27,23
b2467bf2,ts1739732335029,0,3,11,15
b2467bf2,ts1739732335041,43,31,25,22
b2467bf2,ts1739732335051,0,5,13,16
b2467bf2,ts1739732335062,35,26,22,20
b2467bf2,ts1739732335073,3,12,16,18
b2467bf2,ts1739732335084,18,16,16,17
b2467bf2,ts1739732335095,44,37,29,25
b2467bf2,ts1739732335105,0,0,11,16
b2467bf2,ts1739732335117,54,37,29,25
b2467bf2,ts1739732335128,0,0,9,15
b2467bf2,ts1739732335138,54,36,27,23
b2467bf2,ts1739732335149,0,1,11,15
b2467bf2,ts1739732335160,43,30,24,21
b2467bf2,ts1739732335171,0,4,11,15
b2467bf2,ts1739732335182,37,26,22,20
b2467bf2,ts1739732335193,1,11,15,17
b2467bf2,ts1739732335204,22,18,18,18
b2467bf2,ts1739732335215,37,32,27,24
b2467bf2,ts1739732335225,0,0,9,14
b2467bf2,ts1739732335236,54,36,27,23
b2467bf2,ts1739732335247,0,0,10,15
b2467bf2,ts1739732335259,55,37,28,24
b2467bf2,ts1739732335269,0,1,10,15
b2467bf2,ts1739732335280,46,32,25,22
b2467bf2,ts1739732335290,0,4,11,15
b2467bf2,ts1739732335302,40,29,23,21
b2467bf2,ts1739732335312,0,9,14,17
b2467bf2,ts1739732335323,27,21,20,19
b2467bf2,ts1739732335335,28,28,25,23
b2467bf2,ts1739732335345,0,0,8,14
b2467bf2,ts1739732335356,55,36,27,23
b2467bf2,ts1739732335367,0,0,9,14
b2467bf2,ts1739732335378,54,36,27,23
b2467bf2,ts1739732335388,0,0,10,14
b2467bf2,ts1739732335400,47,32,25,22
b2467bf2,ts1739732335411,0,5,12,16
b2467bf2,ts1739732335421,41,29,24,21
b2467bf2,ts1739732335432,0,9,15,17
b2467bf2,ts1739732335443,29,22,20,20
b2467bf2,ts1739732335454,16,21,21,21
b2467bf2,ts1739732335465,0,0,8,13
b2467bf2,ts1739732335476,54,36,27,23
b2467bf2,ts1739732335486,0,0,9,14
b2467bf2,ts1739732335498,54,36,28,23
b2467bf2,ts1739732335508,0,0,9,14
b2467bf2,ts1739732335519,53,33,26,22
b2467bf2,ts1739732335530,0,2,11,15
b2467bf2,ts1739732335541,43,30,24,21
b2467bf2,ts1739732335551,0,7,13,16
b2467bf2,ts1739732335563,32,24,21,20
b2467bf2,ts1739732335574,11,15,17,18
b2467bf2,ts1739732335585,0,4,10,14
b2467bf2,ts1739732335595,53,37,28,23
b2467bf2,ts1739732335606,0,0,9,14
b2467bf2,ts1739732335617,54,36,27,23
b2467bf2,ts1739732335628,0,0,9,14
b2467bf2,ts1739732335639,52,34,26,22
b2467bf2,ts1739732335649,0,1,10,15
b2467bf2,ts1739732335661,42,30,24,21
b2467bf2,ts1739732335671,0,4,12,15
b2467bf2,ts1739732335682,38,28,23,20
b2467bf2,ts1739732335693,2,13,16,18
b2467bf2,ts1739732335704,11,11,13,16
b2467bf2,ts1739732335715,46,36,28,24
b2467bf2,ts1739732335726,0,0,9,15
b2467bf2,ts1739732335737,56,37,28,24
b2467bf2,ts1739732335748,0,0,9,14
b2467bf2,ts1739732335758,53,35,27,23
b2467bf2,ts1739732335769,0,1,10,15
b2467bf2,ts1739732335781,44,30,24,21
b2467bf2,ts1739732335791,0,6,13,16
b2467bf2,ts1739732335803,35,26,22,21
b2467bf2,ts1739732335813,0,10,14,17
b2467bf2,ts1739732335824,20,15,16,17
b2467bf2,ts1739732335835,38,32,27,23
b2467bf2,ts1739732335846,0,0,9,15
b2467bf2,ts1739732335857,53,36,27,23
b2467bf2,ts1739732335868,0,0,8,14
b2467bf2,ts1739732335879,54,36,27,23
b2467bf2,ts1739732335889,0,0,10,15
b2467bf2,ts1739732335900,50,33,26,22
b2467bf2,ts1739732335911,0,4,12,16
b2467bf2,ts1739732335922,37,28,23,21
b2467bf2,ts1739732335933,0,9,14,17
b2467bf2,ts1739732335943,25,20,19,19
b2467bf2,ts1739732335954,31,30,26,23
b2467bf2,ts1739732335966,0,0,8,14
b2467bf2,ts1739732335976,52,34,26,22
b2467bf2,ts1739732335987,0,0,8,13
b2467bf2,ts1739732335999,54,35,27,22
b2467bf2,ts1739732336008,0,0,10,14
b2467bf2,ts1739732336020,46,32,25,21
b2467bf2,ts1739732336031,0,3,11,15
b2467bf2,ts1739732336042,39,28,23,21
b2467bf2,ts1739732336053,0,7,13,16
b2467bf2,ts1739732336063,32,24,21,19
b2467bf2,ts1739732336074,16,22,22,21
b2467bf2,ts1739732336085,0,0,7,13
b2467bf2,ts1739732336096,53,35,26,22
b2467bf2,ts1739732336107,0,0,8,13
b2467bf2,ts1739732336118,57,38,28,23
b2467bf2,ts1739732336128,0,0,9,14
b2467bf2,ts1739732336139,49,31,24,21
b2467bf2,ts1739732336151,0,2,10,14
b2467bf2,ts1739732336162,40,28,23,20
b2467bf2,ts1739732336172,0,9,14,16
b2467bf2,ts1739732336183,31,24,21,20
b2467bf2,ts1739732336194,7,15,17,18
b2467bf2,ts1739732336202,0,2,8,13
b2467bf2,ts1739732336215,51,36,27,22
b2467bf2,ts1739732336227,0,0,9,14
b2467bf2,ts1739732336237,53,36,27,23
b2467bf2,ts1739732336248,0,0,8,13
b2467bf2,ts1739732336259,51,34,26,22
b2467bf2,ts1739732336269,0,1,10,14
b2467bf2,ts1739732336278,43,30,24,21
b2467bf2,ts1739732336292,0,4,11,15
b2467bf2,ts1739732336303,37,25,21,19
b2467bf2,ts1739732336312,1,11,15,16
b2467bf2,ts1739732336325,10,10,13,15
b2467bf2,ts1739732336333,46,35,28,23
b2467bf2,ts1739732336346,0,0,9,14
b2467bf2,ts1739732336357,54,34,26,22
b2467bf2,ts1739732336368,0,0,7,13
b2467bf2,ts1739732336377,53,34,26,22
b2467bf2,ts1739732336388,0,1,10,14
b2467bf2,ts1739732336400,43,30,24,21
b2467bf2,ts1739732336410,0,4,11,15
b2467bf2,ts1739732336422,35,25,21,20
b2467bf2,ts1739732336432,0,11,14,17
b2467bf2,ts1739732336444,19,16,16,17
b2467bf2,ts1739732336451,38,33,27,24
b2467bf2,ts1739732336466,0,0,8,14
b2467bf2,ts1739732336476,54,35,26,23
b2467bf2,ts1739732336487,0,0,8,13
b2467bf2,ts1739732336498,55,36,27,23
b2467bf2,ts1739732336508,0,0,9,14
b2467bf2,ts1739732336520,47,31,24,21
b2467bf2,ts1739732336529,0,3,11,15
b2467bf2,ts1739732336542,39,27,23,20
b2467bf2,ts1739732336553,0,9,14,17
b2467bf2,ts1739732336564,25,20,19,18
b2467bf2,ts1739732336574,29,28,25,23
b2467bf2,ts1739732336586,0,0,8,14
b2467bf2,ts1739732336597,54,35,27,23
b2467bf2,ts1739732336607,0,0,8,14
b2467bf2,ts1739732336617,54,36,27,23
b2467bf2,ts1739732336629,0,0,9,14
b2467bf2,ts1739732336640,46,31,24,21
b2467bf2,ts1739732336650,0,3,10,15
b2467bf2,ts1739732336662,41,29,23,20
b2467bf2,ts1739732336673,0,7,13,16
b2467bf2,ts1739732336683,30,23,20,19
b2467bf2,ts1739732336693,14,20,20,20
b2467bf2,ts1739732336705,0,0,8,13
b2467bf2,ts1739732336716,54,36,27,22
b2467bf2,ts1739732336726,0,0,8,14
b2467bf2,ts1739732336736,56,37,28,23
b2467bf2,ts1739732336748,0,0,9,14
b2467bf2,ts1739732336759,48,33,25,22
b2467bf2,ts1739732336770,0,3,11,15
b2467bf2,ts1739732336780,42,29,23,21
b2467bf2,ts1739732336792,0,7,13,16
b2467bf2,ts1739732336803,31,23,21,19
b2467bf2,ts1739732336813,7,14,17,18
b2467bf2,ts1739732336825,0,4,10,13
b2467bf2,ts1739732336836,52,37,28,23
b2467bf2,ts1739732336847,0,0,10,14
b2467bf2,ts1739732336854,53,37,28,24
b2467bf2,ts1739732336867,0,0,8,14
b2467bf2,ts1739732336877,51,34,26,22
b2467bf2,ts1739732336888,0,1,11,15
b2467bf2,ts1739732336900,45,31,25,22
b2467bf2,ts1739732336912,0,5,12,16
b2467bf2,ts1739732336921,35,26,22,20
b2467bf2,ts1739732336932,3,12,16,17
b2467bf2,ts1739732336945,10,10,13,15
b2467bf2,ts1739732336954,49,38,29,24
b2467bf2,ts1739732336966,0,0,10,15
b2467bf2,ts1739732336978,52,36,28,24
b2467bf2,ts1739732336986,0,0,9,15
b2467bf2,ts1739732336999,53,35,27,23
b2467bf2,ts1739732337008,0,3,11,16
b2467bf2,ts1739732337021,43,31,25,22
b2467bf2,ts1739732337032,0,5,12,16
b2467bf2,ts1739732337042,36,26,22,20
b2467bf2,ts1739732337053,1,11,15,17
b2467bf2,ts1739732337062,21,17,17,18
b2467bf2,ts1739732337076,41,34,29,24
b2467bf2,ts1739732337085,0,0,10,15
b2467bf2,ts1739732337097,54,36,28,24
b2467bf2,ts1739732337106,0,0,8,14
b2467bf2,ts1739732337118,55,37,28,24
b2467bf2,ts1739732337130,0,1,11,15
b2467bf2,ts1739732337139,44,30,24,22
b2467bf2,ts1739732337151,0,4,11,15
b2467bf2,ts1739732337161,38,27,22,20
b2467bf2,ts1739732337173,1,10,15,17
b2467bf2,ts1739732337184,23,19,18,18
b2467bf2,ts1739732337195,34,31,27,24
b2467bf2,ts1739732337206,0,0,8,14
b2467bf2,ts1739732337216,54,35,27,23
b2467bf2,ts1739732337227,0,0,8,14
b2467bf2,ts1739732337238,55,37,28,23
b2467bf2,ts1739732337250,0,0,10,15
b2467bf2,ts1739732337259,46,32,25,22
b2467bf2,ts1739732337271,0,3,11,15
b2467bf2,ts1739732337282,43,29,23,21
b2467bf2,ts1739732337291,0,8,14,17
b2467bf2,ts1739732337304,27,21,20,19
b2467bf2,ts1739732337311,22,24,23,22
b2467bf2,ts1739732337326,0,0,7,13
b2467bf2,ts1739732337336,55,36,27,22
b2467bf2,ts1739732337348,0,0,8,14
b2467bf2,ts1739732337359,53,36,27,23
b2467bf2,ts1739732337368,0,0,9,14
b2467bf2,ts1739732337380,48,32,25,21
b2467bf2,ts1739732337391,0,5,12,15
b2467bf2,ts1739732337402,40,30,24,21
b2467bf2,ts1739732337413,0,8,14,17
b2467bf2,ts1739732337424,30,23,20,20
b2467bf2,ts1739732337435,10,17,18,19
b2467bf2,ts1739732337443,0,2,9,13
b2467bf2,ts1739732337457,54,37,28,23
b2467bf2,ts1739732337466,0,0,9,14
b2467bf2,ts1739732337478,53,36,28,23
b2467bf2,ts1739732337489,0,0,8,14
b2467bf2,ts1739732337500,54,36,27,22
b2467bf2,ts1739732337508,0,3,11,15
b2467bf2,ts1739732337522,42,30,24,21
b2467bf2,ts1739732337533,0,5,12,16
b2467bf2,ts1739732337543,33,24,21,19
b2467bf2,ts1739732337554,8,15,17,18
b2467bf2,ts1739732337565,7,9,13,15
b2467bf2,ts1739732337576,48,37,29,24
b2467bf2,ts1739732337587,0,0,10,15
b2467bf2,ts1739732337598,53,36,28,24
b2467bf2,ts1739732337609,0,0,9,15
b2467bf2,ts1739732337617,53,35,27,23
b2467bf2,ts1739732337630,0,2,11,15
b2467bf2,ts1739732337641,44,30,24,22
b2467bf2,ts1739732337652,0,4,12,15
b2467bf2,ts1739732337661,38,28,23,21
b2467bf2,ts1739732337674,0,11,16,18
b2467bf2,ts1739732337686,19,16,16,17
b2467bf2,ts1739732337694,41,35,28,24
b2467bf2,ts1739732337707,0,0,9,15
b2467bf2,ts1739732337716,56,38,29,24
b2467bf2,ts1739732337729,0,0,9,15
b2467bf2,ts1739732337738,53,36,27,23
b2467bf2,ts1739732337750,0,0,10,15
b2467bf2,ts1739732337758,44,30,24,21
b2467bf2,ts1739732337771,0,5,12,16
b2467bf2,ts1739732337783,36,27,22,21
b2467bf2,ts1739732337793,0,10,14,17
b2467bf2,ts1739732337805,24,18,18,18
b2467bf2,ts1739732337813,31,30,26,23
b2467bf2,ts1739732337826,0,0,9,14
b2467bf2,ts1739732337835,53,35,27,23
b2467bf2,ts1739732337848,0,0,8,14
b2467bf2,ts1739732337859,54,36,27,23
b2467bf2,ts1739732337870,0,0,9,15
b2467bf2,ts1739732337881,47,31,25,22
b2467bf2,ts1739732337891,0,2,11,15
b2467bf2,ts1739732337902,44,29,23,21
b2467bf2,ts1739732337912,0,8,14,16
b2467bf2,ts1739732337923,28,22,20,19
b2467bf2,ts1739732337936,18,22,22,21
b2467bf2,ts1739732337946,0,0,7,13
b2467bf2,ts1739732337956,55,35,26,21
b2467bf2,ts1739732337965,0,0,8,13
b2467bf2,ts1739732337979,53,36,27,22
b2467bf2,ts1739732337985,0,0,8,13
b2467bf2,ts1739732337998,49,32,25,21
b2467bf2,ts1739732338006,0,5,12,15
b2467bf2,ts1739732338019,41,30,24,21
b2467bf2,ts1739732338032,0,7,14,16
b2467bf2,ts1739732338041,32,24,21,20
b2467bf2,ts1739732338054,10,16,18,19
b2467bf2,ts1739732338064,0,5,11,14
b2467bf2,ts1739732338076,54,38,29,24
b2467bf2,ts1739732338088,0,0,10,15
b2467bf2,ts1739732338098,54,37,28,24
b2467bf2,ts1739732338109,0,0,9,15
b2467bf2,ts1739732338119,54,34,26,23
b2467bf2,ts1739732338131,0,2,11,15
b2467bf2,ts1739732338142,41,29,23,21
b2467bf2,ts1739732338153,0,5,12,15
b2467bf2,ts1739732338163,33,24,21,19
b2467bf2,ts1739732338174,7,14,16,18
b2467bf2,ts1739732338186,6,8,12,15
b2467bf2,ts1739732338196,48,36,28,24
b2467bf2,ts1739732338207,0,0,9,14
b2467bf2,ts1739732338218,53,36,28,23
b2467bf2,ts1739732338228,0,0,9,14
b2467bf2,ts1739732338239,53,35,27,23
b2467bf2,ts1739732338250,0,1,10,15
b2467bf2,ts1739732338262,45,31,24,21
b2467bf2,ts1739732338272,0,4,12,16
b2467bf2,ts1739732338282,40,28,23,21
b2467bf2,ts1739732338294,1,11,16,18
b2467bf2,ts1739732338305,20,17,17,18
b2467bf2,ts1739732338316,40,34,28,24
b2467bf2,ts1739732338326,0,0,9,15
b2467bf2,ts1739732338338,54,35,27,23
b2467bf2,ts1739732338348,0,0,8,14
b2467bf2,ts1739732338360,54,36,27,23
b2467bf2,ts1739732338370,0,0,9,15
b2467bf2,ts1739732338381,46,30,24,21
b2467bf2,ts1739732338392,0,4,11,15
b2467bf2,ts1739732338403,37,26,22,20
b2467bf2,ts1739732338414,0,9,14,16
b2467bf2,ts1739732338424,23,19,18,18
b2467bf2,ts1739732338435,29,28,24,22
b2467bf2,ts1739732338446,0,0,7,13
b2467bf2,ts1739732338457,53,34,26,22
b2467bf2,ts1739732338468,0,0,7,13
b2467bf2,ts1739732338479,54,36,27,22
b2467bf2,ts1739732338490,0,0,9,14
b2467bf2,ts1739732338501,51,32,25,21
b2467bf2,ts1739732338511,0,3,11,15
b2467bf2,ts1739732338523,40,28,23,21
b2467bf2,ts1739732338533,0,8,13,16
b2467bf2,ts1739732338545,29,21,19,19
b2467bf2,ts1739732338556,19,22,21,20
b2467bf2,ts1739732338566,0,0,8,13
b2467bf2,ts1739732338577,53,36,26,22
b2467bf2,ts1739732338588,0,0,8,13
b2467bf2,ts1739732338599,53,36,27,22
b2467bf2,ts1739732338610,0,0,9,14
b2467bf2,ts1739732338620,49,32,25,21
b2467bf2,ts1739732338631,0,2,10,14
b2467bf2,ts1739732338642,42,28,23,20
b2467bf2,ts1739732338653,0,6,12,15
b2467bf2,ts1739732338664,34,25,22,20
b2467bf2,ts1739732338674,7,15,18,18
b2467bf2,ts1739732338686,0,3,9,13
b2467bf2,ts1739732338697,52,36,27,22
b2467bf2,ts1739732338707,0,0,9,14
b2467bf2,ts1739732338718,57,38,28,23
b2467bf2,ts1739732338729,0,0,8,14
b2467bf2,ts1739732338741,51,33,25,22
b2467bf2,ts1739732338751,0,1,10,14
b2467bf2,ts1739732338762,41,29,23,20
b2467bf2,ts1739732338772,0,7,13,16
b2467bf2,ts1739732338783,33,25,21,19
b2467bf2,ts1739732338794,3,11,15,17
b2467bf2,ts1739732338805,11,10,13,15
b2467bf2,ts1739732338816,44,35,27,23
b2467bf2,ts1739732338826,0,0,10,15
b2467bf2,ts1739732338839,53,36,27,23
b2467bf2,ts1739732338849,0,0,8,14
b2467bf2,ts1739732338860,52,35,26,22
b2467bf2,ts1739732338871,0,1,10,15
b2467bf2,ts1739732338881,48,33,26,22
b2467bf2,ts1739732338893,0,4,12,16
b2467bf2,ts1739732338903,36,26,22,20
b2467bf2,ts1739732338914,0,10,15,17
b2467bf2,ts1739732338925,19,16,16,17
b2467bf2,ts1739732338936,42,35,28,24
b2467bf2,ts1739732338946,0,0,9,15
b2467bf2,ts1739732338958,51,35,27,23
b2467bf2,ts1739732338969,0,0,8,13
b2467bf2,ts1739732338980,53,35,27,23
b2467bf2,ts1739732338990,0,2,11,15
b2467bf2,ts1739732339002,45,31,25,22
b2467bf2,ts1739732339012,0,3,11,15
b2467bf2,ts1739732339023,38,27,22,20
b2467bf2,ts1739732339034,0,9,14,16
b2467bf2,ts1739732339045,29,22,20,19
b2467bf2,ts1739732339056,29,29,26,24
b2467bf2,ts1739732339066,0,0,8,14
b2467bf2,ts1739732339077,54,35,27,23
b2467bf2,ts1739732339088,0,0,8,14
b2467bf2,ts1739732339100,57,39,29,24
b2467bf2,ts1739732339110,0,0,10,15
b2467bf2,ts1739732339121,45,31,24,22
b2467bf2,ts1739732339132,0,2,11,15
b2467bf2,ts1739732339143,40,28,23,21
b2467bf2,ts1739732339153,0,11,15,17
b2467bf2,ts1739732339164,28,22,20,20
b2467bf2,ts1739732339176,18,23,22,22
b2467bf2,ts1739732339187,0,0,8,13
b2467bf2,ts1739732339198,54,35,27,22
b2467bf2,ts1739732339208,0,0,9,14
b2467bf2,ts1739732339219,54,37,28,24
b2467bf2,ts1739732339230,0,0,9,14
b2467bf2,ts1739732339241,49,33,25,22
b2467bf2,ts1739732339251,0,2,10,15
b2467bf2,ts1739732339262,42,29,24,21
b2467bf2,ts1739732339273,0,6,12,16
b2467bf2,ts1739732339284,32,23,20,19
b2467bf2,ts1739732339296,8,14,17,18
b2467bf2,ts1739732339305,0,3,9,12
b2467bf2,ts1739732339317,52,37,28,23
b2467bf2,ts1739732339327,0,0,9,14
b2467bf2,ts1739732339339,53,36,27,23
b2467bf2,ts1739732339349,0,0,8,13
b2467bf2,ts1739732339360,51,34,26,22
b2467bf2,ts1739732339371,0,1,10,15
b2467bf2,ts1739732339382,42,29,23,21
b2467bf2,ts1739732339393,0,6,12,16
b2467bf2,ts1739732339403,33,25,21,20
b2467bf2,ts1739732339415,3,12,15,17
b2467bf2,ts1739732339425,12,10,13,15
b2467bf2,ts1739732339437,45,35,28,23
b2467bf2,ts1739732339447,0,0,8,14
b2467bf2,ts1739732339459,53,35,27,23
b2467bf2,ts1739732339469,0,0,8,13
b2467bf2,ts1739732339480,53,35,26,22
b2467bf2,ts1739732339491,0,1,10,14
b2467bf2,ts1739732339502,46,31,25,21
b2467bf2,ts1739732339512,0,4,11,15
b2467bf2,ts1739732339524,36,26,22,20
b2467bf2,ts1739732339534,0,10,14,16
b2467bf2,ts1739732339545,21,17,17,17
b2467bf2,ts1739732339557,39,33,28,24
b2467bf2,ts1739732339567,0,0,9,15
b2467bf2,ts1739732339578,53,34,27,23
b2467bf2,ts1739732339589,0,0,8,14
b2467bf2,ts1739732339600,54,35,27,22
b2467bf2,ts1739732339611,0,0,10,14
b2467bf2,ts1739732339622,45,31,24,21
b2467bf2,ts1739732339632,0,3,10,15
b2467bf2,ts1739732339644,38,27,22,20
b2467bf2,ts1739732339654,0,8,13,16
b2467bf2,ts1739732339665,27,21,19,18
b2467bf2,ts1739732339676,26,26,24,22
b2467bf2,ts1739732339687,0,0,7,13
b2467bf2,ts1739732339698,53,35,26,22
b2467bf2,ts1739732339708,0,0,9,14
b2467bf2,ts1739732339720,56,37,28,23
b2467bf2,ts1739732339731,0,0,10,15
b2467bf2,ts1739732339741,47,32,25,22
b2467bf2,ts1739732339752,0,3,11,15
b2467bf2,ts1739732339763,40,28,23,21
b2467bf2,ts1739732339774,0,8,14,16
b2467bf2,ts1739732339785,28,21,19,19
b2467bf2,ts1739732339796,13,18,19,19
b2467bf2,ts1739732339806,0,0,6,11
b2467bf2,ts1739732339818,52,34,25,21
b2467bf2,ts1739732339828,0,0,7,12
b2467bf2,ts1739732339839,52,35,26,22
b2467bf2,ts1739732339850,0,0,7,13
b2467bf2,ts1739732339861,49,31,24,20
b2467bf2,ts1739732339871,0,0,9,13
b2467bf2,ts1739732339883,42,29,23,20
b2467bf2,ts1739732339893,0,4,11,14
b2467bf2,ts1739732339904,29,22,19,18
b2467bf2,ts1739732339915,1,10,14,16
b2467bf2,ts1739732339925,0,0,6,10
b2467bf2,ts1739732339938,46,32,24,19
b2467bf2,ts1739732339948,0,0,5,10
b2467bf2,ts1739732339959,46,30,23,19
b2467bf2,ts1739732339969,0,0,4,10
b2467bf2,ts1739732339981,49,31,22,19
b2467bf2,ts1739732339991,0,1,8,12
b2467bf2,ts1739732340002,39,27,21,19
b2467bf2,ts1739732340012,0,1,9,12
b2467bf2,ts1739732340024,31,21,18,16
b2467bf2,ts1739732340035,0,6,10,13
b2467bf2,ts1739732340046,17,13,13,14
b2467bf2,ts1739732340057,32,28,23,20
b2467bf2,ts1739732340067,0,0,4,10
b2467bf2,ts1739732340078,46,29,22,18
b2467bf2,ts1739732340089,0,0,4,9
b2467bf2,ts1739732340100,53,34,24,19
b2467bf2,ts1739732340110,0,0,7,12
b2467bf2,ts1739732340121,41,28,21,18
b2467bf2,ts1739732340132,0,0,8,12
b2467bf2,ts1739732340141,35,24,19,17
b2467bf2,ts1739732340153,0,6,11,14
b2467bf2,ts1739732340165,20,16,15,15
b2467bf2,ts1739732340176,18,20,19,18
b2467bf2,ts1739732340187,0,0,2,8
b2467bf2,ts1739732340197,46,29,21,17
b2467bf2,ts1739732340208,0,0,4,9
b2467bf2,ts1739732340217,50,33,24,19
b2467bf2,ts1739732340230,0,0,5,11
b2467bf2,ts1739732340242,46,30,22,18
b2467bf2,ts1739732340250,0,0,8,12
b2467bf2,ts1739732340263,39,27,21,18
b2467bf2,ts1739732340272,0,4,10,13
b2467bf2,ts1739732340284,30,22,19,17
b2467bf2,ts1739732340292,5,12,15,16
b2467bf2,ts1739732340305,0,0,6,11
b2467bf2,ts1739732340317,48,33,24,20
b2467bf2,ts1739732340326,0,0,6,11
b2467bf2,ts1739732340339,52,34,25,20
b2467bf2,ts1739732340347,0,0,6,11
b2467bf2,ts1739732340360,49,32,24,20
b2467bf2,ts1739732340370,0,0,8,13
b2467bf2,ts1739732340383,41,28,22,19
b2467bf2,ts1739732340393,0,4,11,14
b2467bf2,ts1739732340404,32,23,20,18
b2467bf2,ts1739732340414,0,9,13,15
b2467bf2,ts1739732340426,8,8,11,13
b2467bf2,ts1739732340435,39,31,24,20
b2467bf2,ts1739732340448,0,0,6,11
b2467bf2,ts1739732340458,50,33,24,20
b2467bf2,ts1739732340470,0,0,6,11
b2467bf2,ts1739732340481,53,34,25,21
b2467bf2,ts1739732340491,0,0,9,13
b2467bf2,ts1739732340500,46,31,24,21
b2467bf2,ts1739732340513,0,3,11,14
b2467bf2,ts1739732340522,37,26,21,19
b2467bf2,ts1739732340535,0,8,13,16
b2467bf2,ts1739732340546,23,18,17,17
b2467bf2,ts1739732340556,33,28,25,22
b2467bf2,ts1739732340565,0,0,6,12
b2467bf2,ts1739732340578,51,33,25,21
b2467bf2,ts1739732340589,0,0,6,12
b2467bf2,ts1739732340599,54,35,26,22
b2467bf2,ts1739732340611,0,0,9,14
b2467bf2,ts1739732340622,45,31,24,21
b2467bf2,ts1739732340632,0,2,10,14
b2467bf2,ts1739732340643,39,27,22,20
b2467bf2,ts1739732340652,0,7,12,15
b2467bf2,ts1739732340665,31,23,20,19
b2467bf2,ts1739732340674,17,22,21,21
b2467bf2,ts1739732340687,0,0,7,12
b2467bf2,ts1739732340694,52,35,26,22
b2467bf2,ts1739732340709,0,0,8,13
b2467bf2,ts1739732340720,55,37,28,23
b2467bf2,ts1739732340730,0,0,9,14
b2467bf2,ts1739732340738,48,31,24,21
b2467bf2,ts1739732340752,0,1,10,14
b2467bf2,ts1739732340764,41,28,23,20
b2467bf2,ts1739732340773,0,8,14,16
b2467bf2,ts1739732340786,31,24,21,20
b2467bf2,ts1739732340796,8,15,18,19
b2467bf2,ts1739732340806,0,3,9,13
b2467bf2,ts1739732340818,54,37,28,23
b2467bf2,ts1739732340828,0,2,11,15
b2467bf2,ts1739732340839,54,37,29,24
b2467bf2,ts1739732340849,0,0,9,15
b2467bf2,ts1739732340861,52,34,26,23
b2467bf2,ts1739732340870,0,2,10,15
b2467bf2,ts1739732340883,46,32,25,22
b2467bf2,ts1739732340893,0,5,12,16
b2467bf2,ts1739732340903,34,25,21,20
b2467bf2,ts1739732340916,2,11,15,17
b2467bf2,ts1739732340926,8,9,12,15
b2467bf2,ts1739732340938,45,36,28,24
b2467bf2,ts1739732340948,0,0,9,14
b2467bf2,ts1739732340959,51,34,27,23
b2467bf2,ts1739732340966,0,0,7,13
b2467bf2,ts1739732340981,53,35,26,22
b2467bf2,ts1739732340991,0,2,10,15
b2467bf2,ts1739732341001,44,31,24,22
b2467bf2,ts1739732341009,0,4,12,16
b2467bf2,ts1739732341025,36,27,22,20
b2467bf2,ts1739732341035,0,10,15,17
b2467bf2,ts1739732341047,21,18,18,18
b2467bf2,ts1739732341057,38,32,27,24
b2467bf2,ts1739732341067,0,0,9,14
b2467bf2,ts1739732341079,52,35,27,23
b2467bf2,ts1739732341088,0,0,7,13
b2467bf2,ts1739732341099,54,36,27,22
b2467bf2,ts1739732341111,0,0,9,14
b2467bf2,ts1739732341123,46,31,24,21
b2467bf2,ts1739732341132,0,3,11,15
b2467bf2,ts1739732341139,39,28,22,20
b2467bf2,ts1739732341153,0,9,14,17
b2467bf2,ts1739732341165,27,21,19,19
b2467bf2,ts1739732341177,30,28,25,22
b2467bf2,ts1739732341188,0,0,8,14
b2467bf2,ts1739732341197,54,36,27,23
b2467bf2,ts1739732341207,0,0,9,14
b2467bf2,ts1739732341218,54,37,28,24
b2467bf2,ts1739732341227,0,1,10,15
b2467bf2,ts1739732341241,47,32,25,22
b2467bf2,ts1739732341250,0,4,11,16
b2467bf2,ts1739732341264,42,29,24,21
b2467bf2,ts1739732341271,0,8,14,17
b2467bf2,ts1739732341285,33,24,21,20
b2467bf2,ts1739732341296,14,20,21,21
b2467bf2,ts1739732341306,0,0,8,13
b2467bf2,ts1739732341316,52,35,26,22
b2467bf2,ts1739732341328,0,0,8,13
b2467bf2,ts1739732341339,52,36,27,23
b2467bf2,ts1739732341350,0,0,8,13
b2467bf2,ts1739732341362,49,32,24,21
b2467bf2,ts1739732341373,0,2,10,15
b2467bf2,ts1739732341382,41,29,23,20
b2467bf2,ts1739732341390,0,7,13,16
b2467bf2,ts1739732341405,32,24,21,19
b2467bf2,ts1739732341416,7,14,17,18
b2467bf2,ts1739732341424,1,4,10,13
b2467bf2,ts1739732341438,51,37,28,23
b2467bf2,ts1739732341445,0,0,10,15
b2467bf2,ts1739732341460,53,36,28,24
b2467bf2,ts1739732341470,0,0,8,14
b2467bf2,ts1739732341481,52,34,26,22
b2467bf2,ts1739732341487,0,1,10,14
b2467bf2,ts1739732341501,44,32,25,22
b2467bf2,ts1739732341514,0,5,12,16
b2467bf2,ts1739732341525,35,26,22,20
b2467bf2,ts1739732341536,3,12,16,17
b2467bf2,ts1739732341546,13,11,14,16
b2467bf2,ts1739732341556,48,37,29,24
b2467bf2,ts1739732341566,0,0,10,15
b2467bf2,ts1739732341580,53,36,28,24
b2467bf2,ts1739732341589,0,0,9,14
b2467bf2,ts1739732341602,53,35,26,23
b2467bf2,ts1739732341612,0,2,11,15
b2467bf2,ts1739732341623,43,30,25,22
b2467bf2,ts1739732341633,0,3,11,15
b2467bf2,ts1739732341643,36,26,22,20
b2467bf2,ts1739732341654,0,10,15,16
b2467bf2,ts1739732341667,22,18,17,17
b2467bf2,ts1739732341677,37,33,28,24
b2467bf2,ts1739732341688,0,0,9,15
b2467bf2,ts1739732341697,52,35,27,23
b2467bf2,ts1739732341708,0,0,8,14
b2467bf2,ts1739732341721,54,36,27,23
b2467bf2,ts1739732341730,0,0,10,15
b2467bf2,ts1739732341743,45,31,24,21
b2467bf2,ts1739732341751,0,4,11,15
b2467bf2,ts1739732341763,39,27,22,20
b2467bf2,ts1739732341773,2,10,15,17
b2467bf2,ts1739732341785,26,21,20,19
b2467bf2,ts1739732341797,30,29,26,23
b2467bf2,ts1739732341807,0,0,8,14
b2467bf2,ts1739732341819,54,35,27,22
b2467bf2,ts1739732341829,0,0,9,14
b2467bf2,ts1739732341840,54,36,28,23
b2467bf2,ts1739732341849,0,0,9,14
b2467bf2,ts1739732341861,47,32,25,21
b2467bf2,ts1739732341873,0,3,11,15
b2467bf2,ts1739732341882,44,31,25,21
b2467bf2,ts1739732341895,0,8,14,17
b2467bf2,ts1739732341904,30,24,21,20
b2467bf2,ts1739732341917,16,22,22,21
b2467bf2,ts1739732341927,0,0,9,14
b2467bf2,ts1739732341938,56,37,28,23
b2467bf2,ts1739732341949,0,0,9,15
b2467bf2,ts1739732341960,53,36,27,23
b2467bf2,ts1739732341970,0,0,8,14
b2467bf2,ts1739732341981,48,32,25,21
b2467bf2,ts1739732341993,0,4,12,15
b2467bf2,ts1739732342004,42,30,24,21
b2467bf2,ts1739732342015,0,6,13,16
b2467bf2,ts1739732342025,31,23,21,19
b2467bf2,ts1739732342035,6,14,16,18
b2467bf2,ts1739732342047,2,5,10,14
b2467bf2,ts1739732342056,51,37,28,23
b2467bf2,ts1739732342068,0,0,9,14
b2467bf2,ts1739732342080,52,36,27,23
b2467bf2,ts1739732342090,0,0,8,14
b2467bf2,ts1739732342102,56,36,27,23
b2467bf2,ts1739732342111,0,2,11,16
b2467bf2,ts1739732342123,43,30,24,22
b2467bf2,ts1739732342134,0,4,12,16
b2467bf2,ts1739732342145,34,25,21,20
b2467bf2,ts1739732342155,5,13,16,18
b2467bf2,ts1739732342167,11,11,13,16
b2467bf2,ts1739732342178,44,35,27,23
b2467bf2,ts1739732342188,0,0,9,15
b2467bf2,ts1739732342199,53,35,27,23
b2467bf2,ts1739732342210,0,0,9,14
b2467bf2,ts1739732342222,53,36,27,23
b2467bf2,ts1739732342232,0,1,10,15
b2467bf2,ts1739732342243,43,30,24,21
b2467bf2,ts1739732342253,0,3,11,15
b2467bf2,ts1739732342265,36,28,23,20
b2467bf2,ts1739732342276,0,10,15,17
b2467bf2,ts1739732342287,21,17,17,17
b2467bf2,ts1739732342297,37,32,27,24
b2467bf2,ts1739732342308,0,0,9,15
b2467bf2,ts1739732342319,53,37,28,24
b2467bf2,ts1739732342330,0,0,9,15
b2467bf2,ts1739732342341,53,36,27,23
b2467bf2,ts1739732342352,0,0,10,15
b2467bf2,ts1739732342363,45,30,24,21
b2467bf2,ts1739732342374,0,6,13,16
b2467bf2,ts1739732342384,39,28,23,21
b2467bf2,ts1739732342395,0,10,15,17
b2467bf2,ts1739732342406,26,21,19,19
b2467bf2,ts1739732342417,29,28,25,23
b2467bf2,ts1739732342428,0,0,9,14
b2467bf2,ts1739732342439,53,35,27,23
b2467bf2,ts1739732342450,0,0,9,14
b2467bf2,ts1739732342461,54,37,27,23
b2467bf2,ts1739732342471,0,0,10,15
b2467bf2,ts1739732342483,47,32,25,22
b2467bf2,ts1739732342493,0,3,11,15
b2467bf2,ts1739732342504,41,29,23,21
b2467bf2,ts1739732342515,0,7,13,16
b2467bf2,ts1739732342526,29,22,20,19
b2467bf2,ts1739732342537,16,21,21,21
b2467bf2,ts1739732342548,0,0,8,13
b2467bf2,ts1739732342559,54,35,26,22
b2467bf2,ts1739732342569,0,0,9,14
b2467bf2,ts1739732342581,53,36,27,23
b2467bf2,ts1739732342591,0,0,9,14
b2467bf2,ts1739732342602,49,32,25,21
b2467bf2,ts1739732342613,0,2,11,15
b2467bf2,ts1739732342624,42,29,24,21
b2467bf2,ts1739732342635,0,6,13,16
b2467bf2,ts1739732342646,32,24,21,20
b2467bf2,ts1739732342657,9,15,18,19
b2467bf2,ts1739732342667,0,6,11,14
b2467bf2,ts1739732342679,54,39,29,24
b2467bf2,ts1739732342689,0,0,10,15
b2467bf2,ts1739732342700,54,37,28,24
b2467bf2,ts1739732342711,0,0,9,15
b2467bf2,ts1739732342722,54,35,26,23
b2467bf2,ts1739732342733,0,3,11,16
b2467bf2,ts1739732342744,43,30,24,22
b2467bf2,ts1739732342754,0,6,13,16
b2467bf2,ts1739732342765,36,26,22,21
b2467bf2,ts1739732342776,8,15,18,19
b2467bf2,ts1739732342787,11,12,15,17
b2467bf2,ts1739732342798,50,38,30,26
b2467bf2,ts1739732342809,0,1,11,17
b2467bf2,ts1739732342820,53,37,29,25
b2467bf2,ts1739732342831,0,0,10,16
b2467bf2,ts1739732342842,53,36,28,24
b2467bf2,ts1739732342853,0,3,12,16
b2467bf2,ts1739732342864,45,31,26,23
b2467bf2,ts1739732342874,0,6,13,17
b2467bf2,ts1739732342886,40,29,24,22
b2467bf2,ts1739732342896,2,13,17,19
b2467bf2,ts1739732342907,20,16,17,18
b2467bf2,ts1739732342918,45,37,30,26
b2467bf2,ts1739732342929,0,1,11,17
b2467bf2,ts1739732342939,53,37,29,25
b2467bf2,ts1739732342950,0,0,10,16
b2467bf2,ts1739732342962,53,36,28,24
b2467bf2,ts1739732342972,0,2,11,16
b2467bf2,ts1739732342984,46,31,25,22
b2467bf2,ts1739732342994,0,6,13,16
b2467bf2,ts1739732343005,38,28,24,21
b2467bf2,ts1739732343016,1,11,16,18
b2467bf2,ts1739732343027,22,19,18,19
b2467bf2,ts1739732343038,38,33,28,25
b2467bf2,ts1739732343049,0,0,10,16
b2467bf2,ts1739732343060,53,36,28,24
b2467bf2,ts1739732343070,0,0,9,15
b2467bf2,ts1739732343081,54,36,27,24
b2467bf2,ts1739732343092,0,1,10,15
b2467bf2,ts1739732343103,48,32,25,22
b2467bf2,ts1739732343113,0,4,12,16
b2467bf2,ts1739732343125,39,28,23,21
b2467bf2,ts1739732343136,0,9,14,17
b2467bf2,ts1739732343147,26,21,19,19
b2467bf2,ts1739732343157,28,27,24,22
b2467bf2,ts1739732343167,0,0,8,13
b2467bf2,ts1739732343179,53,34,26,22
b2467bf2,ts1739732343190,0,0,8,14
b2467bf2,ts1739732343201,55,37,28,23
b2467bf2,ts1739732343211,0,1,10,15
b2467bf2,ts1739732343223,47,33,26,23
b2467bf2,ts1739732343234,0,5,12,16
b2467bf2,ts1739732343245,42,31,25,22
b2467bf2,ts1739732343256,0,9,15,18
b2467bf2,ts1739732343266,31,25,22,21
b2467bf2,ts1739732343277,17,23,22,22
b2467bf2,ts1739732343288,0,0,9,14
b2467bf2,ts1739732343299,52,36,27,23
b2467bf2,ts1739732343310,0,0,9,14
b2467bf2,ts1739732343321,53,37,28,24
b2467bf2,ts1739732343331,0,0,9,14
b2467bf2,ts1739732343342,48,31,25,21
b2467bf2,ts1739732343353,0,1,10,14
b2467bf2,ts1739732343364,40,27,22,20
b2467bf2,ts1739732343375,0,5,12,15
b2467bf2,ts1739732343386,29,22,19,18
b2467bf2,ts1739732343397,5,13,16,17
b2467bf2,ts1739732343408,0,2,8,12
b2467bf2,ts1739732343419,49,34,25,21
b2467bf2,ts1739732343429,0,0,8,13
b2467bf2,ts1739732343440,51,34,26,22
b2467bf2,ts1739732343451,0,0,7,13
b2467bf2,ts1739732343462,51,33,25,21
b2467bf2,ts1739732343473,0,1,9,14
b2467bf2,ts1739732343484,47,31,24,21
b2467bf2,ts1739732343495,0,4,12,15
b2467bf2,ts1739732343505,35,26,22,20
b2467bf2,ts1739732343516,1,11,15,17
b2467bf2,ts1739732343527,15,13,14,16
b2467bf2,ts1739732343538,45,36,28,24
b2467bf2,ts1739732343549,0,0,10,15
b2467bf2,ts1739732343560,52,36,27,23
b2467bf2,ts1739732343571,0,0,9,14
b2467bf2,ts1739732343582,54,36,27,23
b2467bf2,ts1739732343592,0,3,11,16
b2467bf2,ts1739732343603,45,31,25,22
b2467bf2,ts1739732343615,0,5,12,16
b2467bf2,ts1739732343626,38,28,23,21
b2467bf2,ts1739732343636,2,12,16,18
b2467bf2,ts1739732343647,26,21,20,19
b2467bf2,ts1739732343658,39,35,29,26
b2467bf2,ts1739732343669,0,0,11,16
b2467bf2,ts1739732343680,54,37,29,25
b2467bf2,ts1739732343690,0,0,10,15
b2467bf2,ts1739732343701,55,37,28,24
b2467bf2,ts1739732343712,0,1,11,16
b2467bf2,ts1739732343724,45,31,25,22
b2467bf2,ts1739732343735,0,4,12,16
b2467bf2,ts1739732343745,39,28,23,21
b2467bf2,ts1739732343756,2,12,16,18
b2467bf2,ts1739732343767,27,22,20,20
b2467bf2,ts1739732343778,33,32,28,25
b2467bf2,ts1739732343789,0,0,10,16
b2467bf2,ts1739732343799,55,37,28,25
b2467bf2,ts1739732343810,0,1,11,16
b2467bf2,ts1739732343822,55,38,30,25
b2467bf2,ts1739732343831,0,1,11,16
b2467bf2,ts1739732343844,46,33,26,23
b2467bf2,ts1739732343854,0,5,12,16
b2467bf2,ts1739732343865,44,31,25,23
b2467bf2,ts1739732343875,0,11,16,19
b2467bf2,ts1739732343886,30,24,22,21
b2467bf2,ts1739732343898,26,28,25,24
b2467bf2,ts1739732343909,0,0,10,15
b2467bf2,ts1739732343920,53,36,28,24
b2467bf2,ts1739732343930,0,0,10,15
b2467bf2,ts1739732343941,54,37,28,24
b2467bf2,ts1739732343952,0,0,10,15
b2467bf2,ts1739732343963,47,32,25,22
b2467bf2,ts1739732343974,0,4,12,16
b2467bf2,ts1739732343985,41,29,24,21
b2467bf2,ts1739732343996,0,8,14,17
b2467bf2,ts1739732344007,30,23,21,20
b2467bf2,ts1739732344017,15,20,21,21
b2467bf2,ts1739732344028,0,2,9,14
b2467bf2,ts1739732344039,54,37,28,23
b2467bf2,ts1739732344050,0,0,10,15
b2467bf2,ts1739732344061,55,37,28,24
b2467bf2,ts1739732344072,0,0,9,15
b2467bf2,ts1739732344083,54,35,27,23
b2467bf2,ts1739732344094,0,3,12,16
b2467bf2,ts1739732344105,43,30,25,22
b2467bf2,ts1739732344115,0,6,13,17
b2467bf2,ts1739732344127,33,24,21,20
b2467bf2,ts1739732344138,11,16,18,19
b2467bf2,ts1739732344148,0,3,10,14
b2467bf2,ts1739732344159,53,37,28,23
b2467bf2,ts1739732344169,0,0,9,15
b2467bf2,ts1739732344180,53,36,28,23
b2467bf2,ts1739732344189,0,0,9,14
b2467bf2,ts1739732344203,50,34,26,22
b2467bf2,ts1739732344213,0,2,10,15
b2467bf2,ts1739732344223,43,30,24,21
b2467bf2,ts1739732344234,0,5,12,15
b2467bf2,ts1739732344247,37,26,22,20
b2467bf2,ts1739732344257,3,12,16,17
b2467bf2,ts1739732344267,9,9,13,15
b2467bf2,ts1739732344278,44,34,27,23
b2467bf2,ts1739732344288,0,0,8,14
b2467bf2,ts1739732344299,55,37,28,23
b2467bf2,ts1739732344310,0,0,8,14
b2467bf2,ts1739732344322,52,34,26,22
b2467bf2,ts1739732344333,0,1,10,14
b2467bf2,ts1739732344343,43,30,24,21
b2467bf2,ts1739732344353,0,6,12,15
b2467bf2,ts1739732344366,36,26,22,20
b2467bf2,ts1739732344376,0,10,15,17
b2467bf2,ts1739732344387,20,17,17,17
b2467bf2,ts1739732344398,37,32,27,23
b2467bf2,ts1739732344410,0,0,9,15
b2467bf2,ts1739732344419,52,35,27,23
b2467bf2,ts1739732344431,0,0,8,14
b2467bf2,ts1739732344439,55,36,27,23
b2467bf2,ts1739732344451,0,0,9,14
b2467bf2,ts1739732344463,49,33,26,22
b2467bf2,ts1739732344474,0,3,11,15
b2467bf2,ts1739732344486,39,28,23,21
b2467bf2,ts1739732344493,0,8,13,16
b2467bf2,ts1739732344506,26,20,18,18
b2467bf2,ts1739732344516,27,27,24,22
b2467bf2,ts1739732344528,0,0,7,13
b2467bf2,ts1739732344539,51,34,25,21
b2467bf2,ts1739732344551,0,0,7,12
b2467bf2,ts1739732344560,53,35,26,22
b2467bf2,ts1739732344570,0,0,10,14
b2467bf2,ts1739732344581,46,31,24,21
b2467bf2,ts1739732344592,0,2,10,15
b2467bf2,ts1739732344603,40,28,23,20
b2467bf2,ts1739732344616,0,6,13,16
b2467bf2,ts1739732344625,32,24,21,19
b2467bf2,ts1739732344638,11,17,19,19
b2467bf2,ts1739732344647,0,0,7,12
b2467bf2,ts1739732344657,51,35,25,21
b2467bf2,ts1739732344668,0,0,7,13
b2467bf2,ts1739732344681,53,37,27,23
b2467bf2,ts1739732344692,0,0,8,14
b2467bf2,ts1739732344700,48,32,25,21
b2467bf2,ts1739732344714,0,1,10,14
b2467bf2,ts1739732344723,41,29,23,20
b2467bf2,ts1739732344735,0,7,13,16
b2467bf2,ts1739732344747,31,24,20,19
b2467bf2,ts1739732344757,4,13,16,17
b2467bf2,ts1739732344768,1,5,10,13
b2467bf2,ts1739732344778,48,35,27,22
b2467bf2,ts1739732344789,0,0,8,14
b2467bf2,ts1739732344799,53,35,26,22
b2467bf2,ts1739732344807,0,0,7,13
b2467bf2,ts1739732344820,52,34,25,21
b2467bf2,ts1739732344828,0,1,10,14
b2467bf2,ts1739732344845,43,30,24,21
b2467bf2,ts1739732344855,0,4,11,15
b2467bf2,ts1739732344866,36,27,22,20
b2467bf2,ts1739732344877,0,10,15,17
b2467bf2,ts1739732344888,16,13,15,16
b2467bf2,ts1739732344899,40,33,27,23
b2467bf2,ts1739732344910,0,0,8,14
b2467bf2,ts1739732344921,52,34,26,22
b2467bf2,ts1739732344931,0,0,7,13
b2467bf2,ts1739732344942,53,34,26,22
b2467bf2,ts1739732344952,0,0,9,14
b2467bf2,ts1739732344963,44,30,24,20
b2467bf2,ts1739732344975,0,3,11,14
b2467bf2,ts1739732344986,37,26,22,20
b2467bf2,ts1739732344996,0,9,14,16
b2467bf2,ts1739732345008,23,19,18,18
b2467bf2,ts1739732345015,28,28,25,22
b2467bf2,ts1739732345027,0,0,8,14
b2467bf2,ts1739732345040,52,35,26,22
b2467bf2,ts1739732345051,0,0,7,13
b2467bf2,ts1739732345062,55,36,27,22
b2467bf2,ts1739732345071,0,0,9,14
b2467bf2,ts1739732345083,47,32,25,21
b2467bf2,ts1739732345094,0,3,11,15
b2467bf2,ts1739732345105,40,28,23,21
b2467bf2,ts1739732345116,0,8,13,16
b2467bf2,ts1739732345127,29,22,20,19
b2467bf2,ts1739732345137,19,24,22,21
b2467bf2,ts1739732345148,0,0,8,14
b2467bf2,ts1739732345160,54,36,27,23
b2467bf2,ts1739732345169,0,0,9,14
b2467bf2,ts1739732345181,53,36,28,23
b2467bf2,ts1739732345189,0,0,9,14
b2467bf2,ts1739732345203,48,32,25,22
b2467bf2,ts1739732345215,0,2,10,15
b2467bf2,ts1739732345224,42,29,23,21
b2467bf2,ts1739732345235,0,6,13,16
b2467bf2,ts1739732345245,33,25,22,20
b2467bf2,ts1739732345258,8,15,18,19
b2467bf2,ts1739732345268,0,3,9,13
b2467bf2,ts1739732345280,52,36,27,22
b2467bf2,ts1739732345287,0,0,9,14
b2467bf2,ts1739732345300,56,36,28,23
b2467bf2,ts1739732345312,0,0,8,14
b2467bf2,ts1739732345323,51,33,25,22
b2467bf2,ts1739732345333,0,1,10,14
b2467bf2,ts1739732345345,43,30,24,21
b2467bf2,ts1739732345356,0,6,13,16
b2467bf2,ts1739732345366,34,25,21,20
b2467bf2,ts1739732345377,4,12,16,18
b2467bf2,ts1739732345389,10,10,13,15
b2467bf2,ts1739732345399,47,36,28,24
b2467bf2,ts1739732345410,0,0,10,15
b2467bf2,ts1739732345422,52,36,28,24
b2467bf2,ts1739732345431,0,0,8,14
b2467bf2,ts1739732345442,52,35,26,22
b2467bf2,ts1739732345453,0,2,10,15
b2467bf2,ts1739732345464,48,32,25,22
b2467bf2,ts1739732345473,0,5,12,16
b2467bf2,ts1739732345487,37,27,23,21
b2467bf2,ts1739732345498,0,11,15,18
b2467bf2,ts1739732345507,21,16,16,17
b2467bf2,ts1739732345516,44,35,29,25
b2467bf2,ts1739732345529,0,0,10,16
b2467bf2,ts1739732345540,52,36,28,24
b2467bf2,ts1739732345552,0,0,9,14
b2467bf2,ts1739732345562,54,36,27,23
b2467bf2,ts1739732345571,0,3,11,16
b2467bf2,ts1739732345583,45,31,25,22
b2467bf2,ts1739732345595,0,4,12,16
b2467bf2,ts1739732345606,39,28,23,21
b2467bf2,ts1739732345615,0,11,15,17
b2467bf2,ts1739732345627,29,22,20,20
b2467bf2,ts1739732345639,35,32,28,25
b2467bf2,ts1739732345645,0,0,10,16
b2467bf2,ts1739732345661,53,36,28,24
b2467bf2,ts1739732345671,0,0,10,15
b2467bf2,ts1739732345682,57,37,28,24
b2467bf2,ts1739732345693,0,1,11,16
b2467bf2,ts1739732345704,46,31,25,22
b2467bf2,ts1739732345715,0,3,11,16
b2467bf2,ts1739732345725,40,29,23,21
b2467bf2,ts1739732345736,0,10,15,17
b2467bf2,ts1739732345748,28,21,20,19
b2467bf2,ts1739732345757,28,28,25,23
b2467bf2,ts1739732345769,0,0,9,14
b2467bf2,ts1739732345780,55,37,28,23
b2467bf2,ts1739732345791,0,0,10,15
b2467bf2,ts1739732345802,55,38,29,24
b2467bf2,ts1739732345813,0,0,11,16
b2467bf2,ts1739732345821,48,33,26,23
b2467bf2,ts1739732345834,0,4,12,16
b2467bf2,ts1739732345845,46,32,25,23
b2467bf2,ts1739732345854,0,9,15,18
b2467bf2,ts1739732345868,31,24,22,21
b2467bf2,ts1739732345877,17,22,22,22
b2467bf2,ts1739732345889,0,0,9,14
b2467bf2,ts1739732345901,57,37,28,23
b2467bf2,ts1739732345910,0,0,10,15
b2467bf2,ts1739732345921,54,37,28,24
b2467bf2,ts1739732345931,0,0,9,15
b2467bf2,ts1739732345943,49,33,26,22
b2467bf2,ts1739732345953,0,5,12,16
b2467bf2,ts1739732345965,42,30,25,22
b2467bf2,ts1739732345975,0,8,14,17
b2467bf2,ts1739732345988,33,25,22,21
b2467bf2,ts1739732345998,8,16,18,19
b2467bf2,ts1739732346009,1,6,11,15
b2467bf2,ts1739732346018,53,38,29,24
b2467bf2,ts1739732346028,0,0,10,15
b2467bf2,ts1739732346041,54,37,29,24
b2467bf2,ts1739732346052,0,0,9,14
b2467bf2,ts1739732346063,55,36,27,23
b2467bf2,ts1739732346074,0,3,12,16
b2467bf2,ts1739732346084,43,31,25,22
b2467bf2,ts1739732346095,0,5,13,16
b2467bf2,ts1739732346107,35,26,22,21
b2467bf2,ts1739732346117,8,15,18,19
b2467bf2,ts1739732346129,10,11,14,16
b2467bf2,ts1739732346140,50,38,30,25
b2467bf2,ts1739732346150,0,0,11,16
b2467bf2,ts1739732346161,54,37,29,24
b2467bf2,ts1739732346172,0,0,10,15
b2467bf2,ts1739732346183,52,36,28,24
b2467bf2,ts1739732346193,0,2,11,16
b2467bf2,ts1739732346205,44,31,25,22
b2467bf2,ts1739732346216,0,5,12,16
b2467bf2,ts1739732346227,39,29,24,21
b2467bf2,ts1739732346237,2,12,16,18
b2467bf2,ts1739732346248,18,15,16,17
b2467bf2,ts1739732346259,44,36,29,25
b2467bf2,ts1739732346270,0,0,11,16
b2467bf2,ts1739732346281,56,38,29,25
b2467bf2,ts1739732346292,0,0,9,15
b2467bf2,ts1739732346303,54,36,27,24
b2467bf2,ts1739732346313,0,2,11,16
b2467bf2,ts1739732346324,44,31,25,22
b2467bf2,ts1739732346335,0,6,13,16
b2467bf2,ts1739732346347,37,27,23,21
b2467bf2,ts1739732346356,0,11,15,17
b2467bf2,ts1739732346369,22,19,18,18
b2467bf2,ts1739732346379,38,33,28,24
b2467bf2,ts1739732346390,0,0,10,16
b2467bf2,ts1739732346401,54,37,28,24
b2467bf2,ts1739732346412,0,0,9,14
b2467bf2,ts1739732346422,55,37,28,24
b2467bf2,ts1739732346433,0,1,11,16
b2467bf2,ts1739732346445,50,34,27,23
b2467bf2,ts1739732346455,0,5,13,17
b2467bf2,ts1739732346466,41,29,24,22
b2467bf2,ts1739732346477,0,10,15,18
b2467bf2,ts1739732346488,27,22,20,20
b2467bf2,ts1739732346499,33,31,27,25
b2467bf2,ts1739732346509,0,0,9,15
b2467bf2,ts1739732346521,54,36,28,24
b2467bf2,ts1739732346531,0,0,9,14
b2467bf2,ts1739732346542,55,37,28,24
b2467bf2,ts1739732346554,0,1,10,15
b2467bf2,ts1739732346565,47,33,26,22
b2467bf2,ts1739732346574,0,4,12,16
b2467bf2,ts1739732346586,40,29,24,21
b2467bf2,ts1739732346596,0,8,14,17
b2467bf2,ts1739732346608,33,25,21,20
b2467bf2,ts1739732346619,17,23,22,22
b2467bf2,ts1739732346629,0,0,9,14
b2467bf2,ts1739732346640,54,36,27,23
b2467bf2,ts1739732346652,0,0,9,14
b2467bf2,ts1739732346662,57,38,29,24
b2467bf2,ts1739732346672,0,0,9,14
b2467bf2,ts1739732346684,48,32,25,22
b2467bf2,ts1739732346695,0,2,10,15
b2467bf2,ts1739732346706,41,29,23,21
b2467bf2,ts1739732346717,0,8,14,16
b2467bf2,ts1739732346727,31,24,21,20
b2467bf2,ts1739732346738,8,15,18,19
b2467bf2,ts1739732346749,0,4,10,14
b2467bf2,ts1739732346760,53,37,28,23
b2467bf2,ts1739732346770,0,1,11,15
b2467bf2,ts1739732346782,53,37,29,24
b2467bf2,ts1739732346793,0,0,9,14
b2467bf2,ts1739732346803,52,34,26,23
b2467bf2,ts1739732346814,0,2,11,15
b2467bf2,ts1739732346825,47,32,25,22
b2467bf2,ts1739732346837,0,5,13,16
b2467bf2,ts1739732346848,35,26,22,20
b2467bf2,ts1739732346858,3,13,16,18
b2467bf2,ts1739732346869,8,10,13,15
b2467bf2,ts1739732346879,49,38,30,25
b2467bf2,ts1739732346890,0,0,10,16
b2467bf2,ts1739732346901,52,36,27,24
b2467bf2,ts1739732346913,0,0,8,14
b2467bf2,ts1739732346923,53,35,26,22
b2467bf2,ts1739732346934,0,3,12,16
b2467bf2,ts1739732346945,44,31,25,22
b2467bf2,ts1739732346956,0,4,12,16
b2467bf2,ts1739732346967,37,26,22,20
b2467bf2,ts1739732346978,1,10,15,17
b2467bf2,ts1739732346988,23,19,18,18
b2467bf2,ts1739732347000,41,35,29,25
b2467bf2,ts1739732347010,0,0,10,16
b2467bf2,ts1739732347022,54,37,28,24
b2467bf2,ts1739732347032,0,0,9,15
b2467bf2,ts1739732347043,55,38,28,24
b2467bf2,ts1739732347054,0,1,11,16
b2467bf2,ts1739732347065,45,31,25,22
b2467bf2,ts1739732347075,0,4,12,16
b2467bf2,ts1739732347087,39,27,23,21
b2467bf2,ts1739732347097,1,12,16,18
b2467bf2,ts1739732347108,25,21,20,20
b2467bf2,ts1739732347120,32,31,27,24
b2467bf2,ts1739732347130,0,0,9,15
b2467bf2,ts1739732347141,54,36,28,24
b2467bf2,ts1739732347152,0,0,10,15
b2467bf2,ts1739732347163,55,38,29,24
b2467bf2,ts1739732347174,0,0,10,15
b2467bf2,ts1739732347184,47,33,25,22
b2467bf2,ts1739732347195,0,4,12,16
b2467bf2,ts1739732347206,42,32,26,23
b2467bf2,ts1739732347217,0,11,16,18
b2467bf2,ts1739732347228,30,24,22,21
b2467bf2,ts1739732347239,27,29,26,24
b2467bf2,ts1739732347250,0,1,10,16
b2467bf2,ts1739732347261,57,40,30,26
b2467bf2,ts1739732347272,0,2,12,17
b2467bf2,ts1739732347282,55,39,30,26
b2467bf2,ts1739732347294,0,1,12,17
b2467bf2,ts1739732347305,49,33,27,24
b2467bf2,ts1739732347315,0,9,15,18
b2467bf2,ts1739732347326,44,33,27,24
b2467bf2,ts1739732347337,2,13,18,20
b2467bf2,ts1739732347348,34,27,25,23
b2467bf2,ts1739732347358,21,27,26,25
b2467bf2,ts1739732347369,0,7,14,18
b2467bf2,ts1739732347381,58,41,32,27
b2467bf2,ts1739732347391,0,3,13,18
b2467bf2,ts1739732347403,56,39,31,27
b2467bf2,ts1739732347413,0,1,12,18
b2467bf2,ts1739732347424,51,36,29,25
b2467bf2,ts1739732347435,0,5,14,18
b2467bf2,ts1739732347446,44,32,26,24
b2467bf2,ts1739732347457,0,10,16,19
b2467bf2,ts1739732347468,34,27,24,23
b2467bf2,ts1739732347479,14,20,21,22
b2467bf2,ts1739732347490,0,6,12,16
b2467bf2,ts1739732347501,56,40,31,25
b2467bf2,ts1739732347511,0,1,11,17
b2467bf2,ts1739732347522,55,38,29,25
b2467bf2,ts1739732347533,0,0,10,16
b2467bf2,ts1739732347544,51,34,27,23
b2467bf2,ts1739732347555,0,4,12,16
b2467bf2,ts1739732347566,45,32,26,23
b2467bf2,ts1739732347576,0,10,16,19
b2467bf2,ts1739732347588,39,30,26,24
b2467bf2,ts1739732347599,13,20,22,23
b2467bf2,ts1739732347610,6,10,15,18
b2467bf2,ts1739732347621,55,41,32,28
b2467bf2,ts1739732347631,0,2,13,18
b2467bf2,ts1739732347642,54,38,30,26
b2467bf2,ts1739732347653,0,0,10,16
b2467bf2,ts1739732347664,52,35,27,24
b2467bf2,ts1739732347674,0,2,11,16
b2467bf2,ts1739732347686,43,30,24,22
b2467bf2,ts1739732347697,0,4,12,16
b2467bf2,ts1739732347707,34,25,21,20
b2467bf2,ts1739732347719,1,10,15,17
b2467bf2,ts1739732347729,9,9,12,14
b2467bf2,ts1739732347740,42,33,26,22
b2467bf2,ts1739732347751,0,0,8,13
b2467bf2,ts1739732347762,52,35,26,22
b2467bf2,ts1739732347772,0,0,8,13
b2467bf2,ts1739732347784,54,35,27,22
b2467bf2,ts1739732347795,0,1,10,15
b2467bf2,ts1739732347805,45,31,25,22
b2467bf2,ts1739732347816,0,4,11,15
b2467bf2,ts1739732347828,38,27,22,20
b2467bf2,ts1739732347838,0,10,14,17
b2467bf2,ts1739732347849,22,18,18,18
b2467bf2,ts1739732347860,36,32,27,24
b2467bf2,ts1739732347870,0,0,9,15
b2467bf2,ts1739732347882,53,35,27,23
b2467bf2,ts1739732347892,0,0,9,14
b2467bf2,ts1739732347903,55,37,28,23
b2467bf2,ts1739732347914,0,1,11,16
b2467bf2,ts1739732347925,47,32,25,22
b2467bf2,ts1739732347935,0,4,12,16
b2467bf2,ts1739732347947,41,29,24,21
b2467bf2,ts1739732347957,0,10,16,18
b2467bf2,ts1739732347968,27,22,21,20
b2467bf2,ts1739732347979,29,29,26,24
b2467bf2,ts1739732347990,0,0,9,15
b2467bf2,ts1739732348001,54,36,27,23
b2467bf2,ts1739732348012,0,0,9,14
b2467bf2,ts1739732348023,55,37,28,23
b2467bf2,ts1739732348034,0,0,10,15
b2467bf2,ts1739732348045,47,32,25,22
b2467bf2,ts1739732348056,0,3,11,15
b2467bf2,ts1739732348067,42,29,23,21
b2467bf2,ts1739732348077,0,8,14,17
b2467bf2,ts1739732348089,31,24,21,20
b2467bf2,ts1739732348100,17,22,22,21
b2467bf2,ts1739732348110,0,1,9,14
b2467bf2,ts1739732348120,54,37,28,23
b2467bf2,ts1739732348128,0,0,9,14
b2467bf2,ts1739732348143,55,37,28,24
b2467bf2,ts1739732348152,0,0,9,15
b2467bf2,ts1739732348165,50,34,26,22
b2467bf2,ts1739732348174,0,3,11,16
b2467bf2,ts1739732348186,43,30,25,22
b2467bf2,ts1739732348197,0,7,14,17
b2467bf2,ts1739732348208,33,25,22,21
b2467bf2,ts1739732348216,8,16,18,19
b2467bf2,ts1739732348229,1,6,11,15
b2467bf2,ts1739732348241,54,38,29,24
b2467bf2,ts1739732348251,0,0,10,15
b2467bf2,ts1739732348262,53,37,28,24
b2467bf2,ts1739732348273,0,0,9,15
b2467bf2,ts1739732348283,52,35,26,23
b2467bf2,ts1739732348295,0,2,11,15
b2467bf2,ts1739732348306,44,30,24,21
b2467bf2,ts1739732348314,0,5,12,16
b2467bf2,ts1739732348327,35,26,22,20
b2467bf2,ts1739732348338,4,12,16,17
b2467bf2,ts1739732348350,12,11,14,16
b2467bf2,ts1739732348361,47,37,29,24
b2467bf2,ts1739732348371,0,0,10,16
b2467bf2,ts1739732348382,53,36,28,24
b2467bf2,ts1739732348394,0,0,9,15
b2467bf2,ts1739732348405,56,36,27,23
b2467bf2,ts1739732348414,0,2,11,16
b2467bf2,ts1739732348425,45,31,25,22
b2467bf2,ts1739732348437,0,5,12,16
b2467bf2,ts1739732348447,38,27,23,21
b2467bf2,ts1739732348459,1,12,16,18
b2467bf2,ts1739732348470,21,17,17,18
b2467bf2,ts1739732348481,41,35,29,25
b2467bf2,ts1739732348488,0,0,10,15
b2467bf2,ts1739732348502,53,36,28,24
b2467bf2,ts1739732348513,0,0,9,15
b2467bf2,ts1739732348522,55,36,28,24
b2467bf2,ts1739732348534,0,1,11,16
b2467bf2,ts1739732348543,46,32,25,22
b2467bf2,ts1739732348556,0,4,12,16
b2467bf2,ts1739732348567,39,28,23,21
b2467bf2,ts1739732348578,0,10,15,17
b2467bf2,ts1739732348589,25,20,19,19
b2467bf2,ts1739732348599,33,31,27,24
b2467bf2,ts1739732348610,0,0,9,15
b2467bf2,ts1739732348622,56,36,28,24
b2467bf2,ts1739732348633,0,0,9,15
b2467bf2,ts1739732348643,55,37,29,24
b2467bf2,ts1739732348654,0,0,10,15
b2467bf2,ts1739732348664,47,32,25,22
b2467bf2,ts1739732348675,0,4,12,16
b2467bf2,ts1739732348687,41,29,24,21
b2467bf2,ts1739732348696,0,9,14,17
b2467bf2,ts1739732348709,29,22,20,20
b2467bf2,ts1739732348720,22,25,23,22
b2467bf2,ts1739732348731,0,0,8,14
b2467bf2,ts1739732348742,53,36,27,23
b2467bf2,ts1739732348753,0,0,9,14
b2467bf2,ts1739732348764,54,36,27,23
b2467bf2,ts1739732348774,0,0,9,14
b2467bf2,ts1739732348785,48,32,24,21
b2467bf2,ts1739732348796,0,2,10,14
b2467bf2,ts1739732348805,40,28,22,20
b2467bf2,ts1739732348817,0,5,12,15
b2467bf2,ts1739732348825,31,23,20,19
b2467bf2,ts1739732348839,9,15,17,18
b2467bf2,ts1739732348849,0,2,9,12
b2467bf2,ts1739732348861,53,36,27,22
b2467bf2,ts1739732348870,0,0,9,14
b2467bf2,ts1739732348882,54,37,28,23
b2467bf2,ts1739732348893,0,0,9,14
b2467bf2,ts1739732348904,53,35,27,23
b2467bf2,ts1739732348915,0,3,11,16
b2467bf2,ts1739732348925,43,31,25,22
b2467bf2,ts1739732348937,0,6,13,16
b2467bf2,ts1739732348947,36,26,22,20
b2467bf2,ts1739732348958,4,13,17,18
b2467bf2,ts1739732348970,12,12,14,16
b2467bf2,ts1739732348981,47,37,29,24
b2467bf2,ts1739732348991,0,0,10,16
b2467bf2,ts1739732349001,53,37,28,24
b2467bf2,ts1739732349014,0,0,9,15
b2467bf2,ts1739732349023,53,36,27,23
b2467bf2,ts1739732349034,0,3,11,16
b2467bf2,ts1739732349047,46,32,25,22
b2467bf2,ts1739732349057,0,5,13,16
b2467bf2,ts1739732349065,38,28,23,21
b2467bf2,ts1739732349076,3,13,17,19
b2467bf2,ts1739732349090,26,21,20,20
b2467bf2,ts1739732349097,47,40,33,28
b2467bf2,ts1739732349110,0,6,15,20
b2467bf2,ts1739732349123,57,41,33,28
b2467bf2,ts1739732349134,0,7,16,20
b2467bf2,ts1739732349145,58,41,33,28
b2467bf2,ts1739732349155,0,10,18,22
b2467bf2,ts1739732349167,50,38,31,28
b2467bf2,ts1739732349175,1,15,21,23
b2467bf2,ts1739732349187,44,35,30,28
b2467bf2,ts1739732349199,11,20,23,25
b2467bf2,ts1739732349209,29,26,26,26
b2467bf2,ts1739732349221,45,41,35,32
b2467bf2,ts1739732349232,0,4,16,21
b2467bf2,ts1739732349242,54,39,32,29
b2467bf2,ts1739732349250,0,0,12,18
b2467bf2,ts1739732349265,56,38,30,26
b2467bf2,ts1739732349273,0,2,12,17
b2467bf2,ts1739732349285,46,32,26,24
b2467bf2,ts1739732349294,0,4,12,17
b2467bf2,ts1739732349307,39,27,23,21
b2467bf2,ts1739732349318,0,8,14,17
b2467bf2,ts1739732349328,24,19,18,18
b2467bf2,ts1739732349341,28,27,24,22
b2467bf2,ts1739732349347,0,0,8,14
b2467bf2,ts1739732349363,53,35,27,23
b2467bf2,ts1739732349373,0,0,8,14
b2467bf2,ts1739732349383,55,37,28,23
b2467bf2,ts1739732349393,0,0,10,15
b2467bf2,ts1739732349405,46,32,25,22
b2467bf2,ts1739732349416,0,4,12,16
b2467bf2,ts1739732349426,42,30,24,22
b2467bf2,ts1739732349438,0,9,14,17
b2467bf2,ts1739732349449,31,24,21,20
b2467bf2,ts1739732349460,20,25,23,22
b2467bf2,ts1739732349470,0,2,10,15
b2467bf2,ts1739732349483,56,39,29,25
b2467bf2,ts1739732349492,0,2,11,16
b2467bf2,ts1739732349502,56,39,30,25
b2467bf2,ts1739732349513,0,1,11,16
b2467bf2,ts1739732349525,51,34,27,24
b2467bf2,ts1739732349535,0,6,13,17
b2467bf2,ts1739732349547,44,32,26,23
b2467bf2,ts1739732349558,0,10,16,18
b2467bf2,ts1739732349570,34,27,24,22
b2467bf2,ts1739732349578,14,20,21,22
b2467bf2,ts1739732349590,0,4,11,15
b2467bf2,ts1739732349602,56,39,30,25
b2467bf2,ts1739732349612,0,0,11,16
b2467bf2,ts1739732349623,54,37,29,25
b2467bf2,ts1739732349634,0,0,9,15
b2467bf2,ts1739732349646,50,33,26,22
b2467bf2,ts1739732349655,0,2,11,15
b2467bf2,ts1739732349666,41,29,23,21
b2467bf2,ts1739732349677,0,4,11,15
b2467bf2,ts1739732349689,32,23,20,18
b2467bf2,ts1739732349700,3,11,15,17
b2467bf2,ts1739732349710,2,4,9,13
b2467bf2,ts1739732349720,47,35,26,22
b2467bf2,ts1739732349730,0,0,8,13
b2467bf2,ts1739732349743,51,35,26,22
b2467bf2,ts1739732349752,0,0,7,13
b2467bf2,ts1739732349764,52,35,26,22
b2467bf2,ts1739732349776,0,2,10,15
b2467bf2,ts1739732349787,44,30,24,21
b2467bf2,ts1739732349798,0,4,11,15
b2467bf2,ts1739732349808,36,26,21,20
b2467bf2,ts1739732349819,1,11,15,17
b2467bf2,ts1739732349826,19,15,16,17
b2467bf2,ts1739732349842,42,35,29,24
b2467bf2,ts1739732349852,0,0,10,15
b2467bf2,ts1739732349862,53,36,28,24
b2467bf2,ts1739732349873,0,0,9,15
b2467bf2,ts1739732349884,55,36,28,23
b2467bf2,ts1739732349893,0,2,11,16
b2467bf2,ts1739732349906,46,32,25,22
b2467bf2,ts1739732349918,0,5,13,16
b2467bf2,ts1739732349925,40,28,24,21
b2467bf2,ts1739732349937,2,12,16,18
b2467bf2,ts1739732349950,27,22,21,20
b2467bf2,ts1739732349959,39,35,30,26
b2467bf2,ts1739732349972,0,2,13,18
b2467bf2,ts1739732349979,57,39,31,26
b2467bf2,ts1739732349994,0,3,12,18
b2467bf2,ts1739732350005,57,40,31,27
b2467bf2,ts1739732350015,0,3,13,18
b2467bf2,ts1739732350025,48,34,28,24
b2467bf2,ts1739732350037,0,7,14,18
b2467bf2,ts1739732350046,43,32,26,24
b2467bf2,ts1739732350057,3,13,18,20
b2467bf2,ts1739732350067,31,26,23,23
b2467bf2,ts1739732350080,31,31,28,26
b2467bf2,ts1739732350091,0,1,11,17
b2467bf2,ts1739732350102,57,38,30,26
b2467bf2,ts1739732350112,0,0,11,16
b2467bf2,ts1739732350124,55,38,29,25
b2467bf2,ts1739732350134,0,0,10,16
b2467bf2,ts1739732350146,47,32,25,22
b2467bf2,ts1739732350157,0,3,11,15
b2467bf2,ts1739732350167,41,29,24,21
b2467bf2,ts1739732350179,0,8,14,17
b2467bf2,ts1739732350190,29,22,20,20
b2467bf2,ts1739732350200,14,20,20,20
b2467bf2,ts1739732350211,0,0,7,12
b2467bf2,ts1739732350222,52,34,25,21
b2467bf2,ts1739732350233,0,0,7,12
b2467bf2,ts1739732350244,52,34,25,21
b2467bf2,ts1739732350254,0,0,7,13
b2467bf2,ts1739732350266,48,31,24,20
b2467bf2,ts1739732350277,0,0,9,13
b2467bf2,ts1739732350288,40,27,21,19
b2467bf2,ts1739732350298,0,4,10,14
b2467bf2,ts1739732350309,30,22,19,18
b2467bf2,ts1739732350320,4,12,15,16
b2467bf2,ts1739732350331,0,3,8,12
b2467bf2,ts1739732350342,48,35,26,21
b2467bf2,ts1739732350352,0,0,8,13
b2467bf2,ts1739732350364,52,35,26,22
b2467bf2,ts1739732350375,0,0,7,12
b2467bf2,ts1739732350385,51,34,25,21
b2467bf2,ts1739732350396,0,1,9,14
b2467bf2,ts1739732350407,43,29,23,20
b2467bf2,ts1739732350418,0,3,11,14
b2467bf2,ts1739732350428,35,25,21,19
b2467bf2,ts1739732350440,1,10,14,16
b2467bf2,ts1739732350450,18,15,15,16
b2467bf2,ts1739732350461,43,35,28,24
b2467bf2,ts1739732350472,0,0,9,15
b2467bf2,ts1739732350484,54,36,28,24
b2467bf2,ts1739732350494,0,0,9,14
b2467bf2,ts1739732350505,54,36,27,23
b2467bf2,ts1739732350516,0,1,10,15
b2467bf2,ts1739732350527,45,31,25,22
b2467bf2,ts1739732350538,0,4,11,15
b2467bf2,ts1739732350549,39,28,23,21
b2467bf2,ts1739732350559,0,11,15,17
b2467bf2,ts1739732350569,26,21,19,19
b2467bf2,ts1739732350581,35,32,27,24
b2467bf2,ts1739732350592,0,0,10,15
b2467bf2,ts1739732350602,54,36,28,24
b2467bf2,ts1739732350614,0,0,9,15
b2467bf2,ts1739732350625,55,37,28,24
b2467bf2,ts1739732350635,0,1,11,15
b2467bf2,ts1739732350646,47,32,26,23
b2467bf2,ts1739732350657,0,4,12,16
b2467bf2,ts1739732350668,41,29,24,22
b2467bf2,ts1739732350679,0,9,15,17
b2467bf2,ts1739732350690,29,23,21,20
b2467bf2,ts1739732350700,25,26,24,23
b2467bf2,ts1739732350711,0,0,9,14
b2467bf2,ts1739732350723,54,37,28,24
b2467bf2,ts1739732350733,0,0,9,15
b2467bf2,ts1739732350744,55,37,28,24
b2467bf2,ts1739732350755,0,0,9,15
b2467bf2,ts1739732350767,48,32,25,22
b2467bf2,ts1739732350777,0,3,11,15
b2467bf2,ts1739732350787,42,30,24,21
b2467bf2,ts1739732350799,0,9,14,17
b2467bf2,ts1739732350810,33,26,22,20
b2467bf2,ts1739732350820,13,18,20,20
b2467bf2,ts1739732350831,0,4,11,15
b2467bf2,ts1739732350842,55,39,29,25
b2467bf2,ts1739732350853,0,1,11,16
b2467bf2,ts1739732350865,54,38,29,24
b2467bf2,ts1739732350875,0,0,9,15
b2467bf2,ts1739732350886,51,34,26,23
b2467bf2,ts1739732350896,0,3,11,15
b2467bf2,ts1739732350907,43,31,25,22
b2467bf2,ts1739732350918,0,6,13,17
b2467bf2,ts1739732350929,33,25,21,20
b2467bf2,ts1739732350940,4,13,16,18
b2467bf2,ts1739732350951,5,7,11,14
b2467bf2,ts1739732350961,47,36,27,23
b2467bf2,ts1739732350972,0,0,9,14
b2467bf2,ts1739732350984,54,36,27,23
b2467bf2,ts1739732350994,0,0,8,14
b2467bf2,ts1739732351005,52,36,27,23
b2467bf2,ts1739732351016,0,2,11,15
b2467bf2,ts1739732351027,44,31,25,22
b2467bf2,ts1739732351038,0,5,12,16
b2467bf2,ts1739732351049,38,27,23,21
b2467bf2,ts1739732351060,2,12,16,18
b2467bf2,ts1739732351071,23,18,18,18
b2467bf2,ts1739732351081,43,36,30,26
b2467bf2,ts1739732351093,0,0,11,16
b2467bf2,ts1739732351104,53,37,29,25
b2467bf2,ts1739732351114,0,0,9,15
b2467bf2,ts1739732351126,55,36,28,24
b2467bf2,ts1739732351136,0,1,10,15
b2467bf2,ts1739732351147,45,31,25,22
b2467bf2,ts1739732351158,0,3,11,15
b2467bf2,ts1739732351169,38,27,22,20
b2467bf2,ts1739732351180,0,9,14,17
b2467bf2,ts1739732351190,25,19,18,18
b2467bf2,ts1739732351201,31,29,25,23
b2467bf2,ts1739732351212,0,0,8,14
b2467bf2,ts1739732351223,53,35,27,22
b2467bf2,ts1739732351234,0,0,9,14
b2467bf2,ts1739732351245,55,37,28,23
b2467bf2,ts1739732351256,0,0,10,15
b2467bf2,ts1739732351267,47,32,25,22
b2467bf2,ts1739732351277,0,4,12,15
b2467bf2,ts1739732351289,41,29,23,21
b2467bf2,ts1739732351299,0,8,14,17
b2467bf2,ts1739732351311,29,22,20,19
b2467bf2,ts1739732351321,19,23,22,21
b2467bf2,ts1739732351331,0,0,8,13
b2467bf2,ts1739732351343,54,35,27,22
b2467bf2,ts1739732351354,0,0,8,14
b2467bf2,ts1739732351364,54,36,27,23
b2467bf2,ts1739732351376,0,0,9,14
b2467bf2,ts1739732351387,49,33,25,21
b2467bf2,ts1739732351397,0,2,10,15
b2467bf2,ts1739732351409,41,30,24,21
b2467bf2,ts1739732351419,0,7,13,16
b2467bf2,ts1739732351430,32,24,21,20
b2467bf2,ts1739732351440,9,15,18,19
b2467bf2,ts1739732351451,0,3,10,13
b2467bf2,ts1739732351463,53,36,28,23
b2467bf2,ts1739732351473,0,0,9,14
b2467bf2,ts1739732351485,52,37,28,23
b2467bf2,ts1739732351495,0,0,9,14
b2467bf2,ts1739732351507,54,35,26,22
b2467bf2,ts1739732351516,0,2,11,15
b2467bf2,ts1739732351527,43,31,25,22
b2467bf2,ts1739732351539,0,5,12,16
b2467bf2,ts1739732351549,35,25,21,20
b2467bf2,ts1739732351560,4,13,16,18
b2467bf2,ts1739732351571,10,10,13,15
b2467bf2,ts1739732351582,47,37,28,24
b2467bf2,ts1739732351593,0,0,10,15
b2467bf2,ts1739732351604,52,36,27,24
b2467bf2,ts1739732351614,0,0,8,14
b2467bf2,ts1739732351626,53,35,26,22
b2467bf2,ts1739732351637,0,1,10,15
b2467bf2,ts1739732351648,44,30,24,21
b2467bf2,ts1739732351659,0,4,12,15
b2467bf2,ts1739732351669,35,25,21,20
b2467bf2,ts1739732351680,0,9,14,16
b2467bf2,ts1739732351691,19,15,15,16
b2467bf2,ts1739732351703,37,32,26,23
b2467bf2,ts1739732351713,0,0,8,14
b2467bf2,ts1739732351724,54,35,27,22
b2467bf2,ts1739732351735,0,0,8,14
b2467bf2,ts1739732351745,55,37,27,23
b2467bf2,ts1739732351756,0,1,10,15
b2467bf2,ts1739732351768,46,31,25,22
b2467bf2,ts1739732351779,0,4,12,16
b2467bf2,ts1739732351789,40,28,23,21
b2467bf2,ts1739732351800,0,10,15,17
b2467bf2,ts1739732351811,27,21,19,19
b2467bf2,ts1739732351822,31,30,26,23
b2467bf2,ts1739732351832,0,0,8,14
b2467bf2,ts1739732351844,53,35,27,23
b2467bf2,ts1739732351854,0,0,8,14
b2467bf2,ts1739732351866,55,36,27,23
b2467bf2,ts1739732351876,0,0,9,14
b2467bf2,ts1739732351887,47,32,25,22
b2467bf2,ts1739732351897,0,3,11,15
b2467bf2,ts1739732351909,41,29,23,21
b2467bf2,ts1739732351919,0,8,14,17
b2467bf2,ts1739732351931,30,23,20,19
b2467bf2,ts1739732351942,16,21,21,21
b2467bf2,ts1739732351952,0,0,8,13
b2467bf2,ts1739732351963,53,36,27,22
b2467bf2,ts1739732351973,0,0,9,14
b2467bf2,ts1739732351985,54,37,28,23
b2467bf2,ts1739732351995,0,0,9,14
b2467bf2,ts1739732352006,49,33,25,22
b2467bf2,ts1739732352017,0,3,11,15
b2467bf2,ts1739732352028,43,30,24,21
b2467bf2,ts1739732352040,0,6,13,16
b2467bf2,ts1739732352050,33,24,21,20
b2467bf2,ts1739732352061,7,14,17,18
b2467bf2,ts1739732352072,0,4,10,14
b2467bf2,ts1739732352083,52,37,28,23
b2467bf2,ts1739732352093,0,0,9,14
b2467bf2,ts1739732352105,53,36,27,23
b2467bf2,ts1739732352116,0,0,8,14
b2467bf2,ts1739732352126,51,34,26,22
b2467bf2,ts1739732352136,0,1,10,15
b2467bf2,ts1739732352148,43,30,24,21
b2467bf2,ts1739732352159,0,4,11,15
b2467bf2,ts1739732352170,36,25,21,19
b2467bf2,ts1739732352181,2,12,15,17
b2467bf2,ts1739732352192,14,12,14,16
b2467bf2,ts1739732352203,47,36,29,24
b2467bf2,ts1739732352212,0,0,10,15
b2467bf2,ts1739732352224,55,37,29,24
b2467bf2,ts1739732352235,0,0,9,15
b2467bf2,ts1739732352247,55,36,28,23
b2467bf2,ts1739732352257,0,1,11,15
b2467bf2,ts1739732352269,45,31,24,22
b2467bf2,ts1739732352278,0,4,12,16
b2467bf2,ts1739732352290,37,27,22,20
b2467bf2,ts1739732352301,0,11,15,17
b2467bf2,ts1739732352311,22,18,17,18
b2467bf2,ts1739732352322,38,33,28,24
b2467bf2,ts1739732352333,0,0,9,15
b2467bf2,ts1739732352344,51,35,27,23
b2467bf2,ts1739732352355,0,0,8,14
b2467bf2,ts1739732352366,54,36,27,23
b2467bf2,ts1739732352377,0,1,10,15
b2467bf2,ts1739732352387,46,31,25,22
b2467bf2,ts1739732352398,0,4,11,15
b2467bf2,ts1739732352410,39,28,23,20
b2467bf2,ts1739732352420,0,9,14,17
b2467bf2,ts1739732352431,27,21,19,19
b2467bf2,ts1739732352441,27,27,24,23
b2467bf2,ts1739732352452,0,0,7,13
b2467bf2,ts1739732352464,53,35,26,22
b2467bf2,ts1739732352475,0,0,8,13
b2467bf2,ts1739732352486,53,37,27,23
b2467bf2,ts1739732352496,0,0,9,14
b2467bf2,ts1739732352507,47,32,25,22
b2467bf2,ts1739732352518,0,3,11,15
b2467bf2,ts1739732352529,41,29,23,21
b2467bf2,ts1739732352540,0,8,14,17
b2467bf2,ts1739732352551,29,23,20,19
b2467bf2,ts1739732352562,11,17,19,19
b2467bf2,ts1739732352572,0,0,7,12
b2467bf2,ts1739732352583,54,35,26,21
b2467bf2,ts1739732352593,0,0,8,13
b2467bf2,ts1739732352605,55,36,27,22
b2467bf2,ts1739732352616,0,0,9,14
b2467bf2,ts1739732352627,51,34,26,22
b2467bf2,ts1739732352638,0,3,11,15
b2467bf2,ts1739732352648,44,31,25,22
b2467bf2,ts1739732352659,0,7,14,17
b2467bf2,ts1739732352670,35,26,22,21
b2467bf2,ts1739732352681,6,15,18,19
b2467bf2,ts1739732352692,5,8,12,15
b2467bf2,ts1739732352702,51,38,29,24
b2467bf2,ts1739732352714,0,0,10,15
b2467bf2,ts1739732352725,54,37,28,24
b2467bf2,ts1739732352735,0,0,8,14
b2467bf2,ts1739732352746,52,35,26,23
b2467bf2,ts1739732352758,0,2,11,15
b2467bf2,ts1739732352768,44,31,25,22
b2467bf2,ts1739732352779,0,5,12,16
b2467bf2,ts1739732352790,36,26,22,20
b2467bf2,ts1739732352800,2,11,15,17
b2467bf2,ts1739732352812,17,13,15,16
b2467bf2,ts1739732352823,44,35,28,24
b2467bf2,ts1739732352834,0,0,10,15
b2467bf2,ts1739732352845,53,37,28,24
b2467bf2,ts1739732352855,0,0,9,14
b2467bf2,ts1739732352866,54,36,27,23
b2467bf2,ts1739732352877,0,1,11,15
b2467bf2,ts1739732352888,44,31,25,22
b2467bf2,ts1739732352899,0,4,12,16
b2467bf2,ts1739732352910,38,27,23,21
b2467bf2,ts1739732352921,0,10,15,17
b2467bf2,ts1739732352932,22,19,18,18
b2467bf2,ts1739732352942,35,32,27,24
b2467bf2,ts1739732352953,0,0,9,15
b2467bf2,ts1739732352964,53,35,27,23
b2467bf2,ts1739732352975,0,0,8,14
b2467bf2,ts1739732352986,55,36,27,23
b2467bf2,ts1739732352997,0,0,10,15
b2467bf2,ts1739732353008,46,32,25,22
b2467bf2,ts1739732353018,0,4,11,15
b2467bf2,ts1739732353030,40,28,23,21
b2467bf2,ts1739732353041,0,9,14,17
b2467bf2,ts1739732353052,28,21,20,19
b2467bf2,ts1739732353063,25,26,24,22
b2467bf2,ts1739732353072,0,0,8,14
b2467bf2,ts1739732353084,53,35,27,22
b2467bf2,ts1739732353095,0,0,8,13
b2467bf2,ts1739732353106,54,37,28,23
b2467bf2,ts1739732353116,0,0,9,14
b2467bf2,ts1739732353128,47,32,25,22
b2467bf2,ts1739732353138,0,2,11,15
b2467bf2,ts1739732353149,41,29,23,21
b2467bf2,ts1739732353160,0,7,13,16
b2467bf2,ts1739732353171,31,23,21,19
b2467bf2,ts1739732353182,9,16,18,19
b2467bf2,ts1739732353192,0,1,8,12
b2467bf2,ts1739732353204,53,36,27,22
b2467bf2,ts1739732353214,0,0,8,14
b2467bf2,ts1739732353225,54,36,27,22
b2467bf2,ts1739732353236,0,0,8,13
b2467bf2,ts1739732353247,52,34,26,22
b2467bf2,ts1739732353258,0,2,11,15
b2467bf2,ts1739732353269,43,30,24,21
b2467bf2,ts1739732353279,0,6,13,16
b2467bf2,ts1739732353290,34,25,21,20
b2467bf2,ts1739732353301,4,13,16,18
b2467bf2,ts1739732353313,7,9,13,15
b2467bf2,ts1739732353324,47,36,28,23
b2467bf2,ts1739732353334,0,0,9,15
b2467bf2,ts1739732353346,53,36,27,23
b2467bf2,ts1739732353356,0,0,8,14
b2467bf2,ts1739732353367,54,35,26,22
b2467bf2,ts1739732353377,0,2,11,15
b2467bf2,ts1739732353388,44,31,25,22
b2467bf2,ts1739732353399,0,4,12,16
b2467bf2,ts1739732353410,37,27,22,21
b2467bf2,ts1739732353421,0,10,15,17
b2467bf2,ts1739732353432,21,18,17,18
b2467bf2,ts1739732353443,39,34,28,24
b2467bf2,ts1739732353453,0,0,9,15
b2467bf2,ts1739732353465,53,36,27,23
b2467bf2,ts1739732353475,0,0,8,14
b2467bf2,ts1739732353486,54,36,27,23
b2467bf2,ts1739732353497,0,0,10,15
b2467bf2,ts1739732353508,46,31,25,22
b2467bf2,ts1739732353519,0,4,12,16
b2467bf2,ts1739732353529,39,28,23,21
b2467bf2,ts1739732353541,0,9,14,17
b2467bf2,ts1739732353552,26,21,19,19
b2467bf2,ts1739732353563,28,27,25,23
b2467bf2,ts1739732353573,0,0,8,14
b2467bf2,ts1739732353584,53,35,26,22
b2467bf2,ts1739732353595,0,0,8,13
b2467bf2,ts1739732353606,54,36,27,23
b2467bf2,ts1739732353617,0,0,9,14
b2467bf2,ts1739732353628,47,32,25,22
b2467bf2,ts1739732353639,0,3,11,15
b2467bf2,ts1739732353650,41,28,23,21
b2467bf2,ts1739732353660,0,7,13,16
b2467bf2,ts1739732353671,30,23,20,19
b2467bf2,ts1739732353683,14,20,20,20
b2467bf2,ts1739732353693,0,0,8,13
b2467bf2,ts1739732353704,53,36,27,23
b2467bf2,ts1739732353715,0,0,9,14
b2467bf2,ts1739732353726,54,37,28,23
b2467bf2,ts1739732353736,0,0,9,14
b2467bf2,ts1739732353747,50,33,26,22
b2467bf2,ts1739732353758,0,2,11,15
b2467bf2,ts1739732353769,42,29,24,21
b2467bf2,ts1739732353780,0,6,12,16
b2467bf2,ts1739732353791,33,24,21,19
b2467bf2,ts1739732353802,6,14,17,18
b2467bf2,ts1739732353812,2,6,11,14
b2467bf2,ts1739732353824,52,38,29,24
b2467bf2,ts1739732353834,0,0,10,15
b2467bf2,ts1739732353846,52,37,28,24
b2467bf2,ts1739732353857,0,0,8,14
b2467bf2,ts1739732353867,52,35,26,23
b2467bf2,ts1739732353878,0,2,11,15
b2467bf2,ts1739732353889,43,30,24,21
b2467bf2,ts1739732353900,0,4,11,15
b2467bf2,ts1739732353911,35,25,21,20
b2467bf2,ts1739732353921,2,11,15,17
b2467bf2,ts1739732353933,14,12,14,16
b2467bf2,ts1739732353944,46,36,28,24
b2467bf2,ts1739732353954,0,0,10,15
b2467bf2,ts1739732353965,52,36,28,24
b2467bf2,ts1739732353976,0,0,9,14
b2467bf2,ts1739732353987,54,36,27,23
b2467bf2,ts1739732353998,0,2,11,15
b2467bf2,ts1739732354009,45,31,25,22
b2467bf2,ts1739732354019,0,4,12,16
b2467bf2,ts1739732354031,38,27,22,21
b2467bf2,ts1739732354041,1,10,15,17
b2467bf2,ts1739732354053,23,19,18,18
b2467bf2,ts1739732354063,38,34,28,24
b2467bf2,ts1739732354074,0,0,10,15
b2467bf2,ts1739732354085,53,36,28,24
b2467bf2,ts1739732354096,0,0,9,14
b2467bf2,ts1739732354107,55,36,28,23
b2467bf2,ts1739732354117,0,1,10,15
b2467bf2,ts1739732354127,46,31,25,22
b2467bf2,ts1739732354138,0,4,11,16
b2467bf2,ts1739732354150,40,28,23,21
b2467bf2,ts1739732354160,0,9,14,17
b2467bf2,ts1739732354172,27,21,19,19
b2467bf2,ts1739732354181,27,27,25,23
b2467bf2,ts1739732354193,0,0,8,14
b2467bf2,ts1739732354203,53,36,27,23
b2467bf2,ts1739732354216,0,0,9,14
b2467bf2,ts1739732354227,55,37,28,23
b2467bf2,ts1739732354237,0,0,10,15
b2467bf2,ts1739732354248,48,32,25,22
b2467bf2,ts1739732354259,0,3,11,15
b2467bf2,ts1739732354270,42,29,24,21
b2467bf2,ts1739732354277,0,9,14,17
b2467bf2,ts1739732354292,30,23,21,20
b2467bf2,ts1739732354301,15,21,21,21
b2467bf2,ts1739732354313,0,0,8,13
b2467bf2,ts1739732354324,55,36,27,23
b2467bf2,ts1739732354334,0,0,9,14
b2467bf2,ts1739732354346,54,37,28,23
b2467bf2,ts1739732354357,0,0,9,14
b2467bf2,ts1739732354368,50,33,25,22
b2467bf2,ts1739732354376,0,3,11,15
b2467bf2,ts1739732354389,42,30,24,21
b2467bf2,ts1739732354400,0,7,13,16
b2467bf2,ts1739732354411,33,25,21,20
b2467bf2,ts1739732354423,7,14,17,18
b2467bf2,ts1739732354430,2,6,11,14
b2467bf2,ts1739732354444,52,38,28,24
b2467bf2,ts1739732354454,0,0,10,15
b2467bf2,ts1739732354466,54,37,28,24
b2467bf2,ts1739732354477,0,0,9,15
b2467bf2,ts1739732354487,52,35,26,22
b2467bf2,ts1739732354498,0,2,11,15
b2467bf2,ts1739732354509,43,31,24,21
b2467bf2,ts1739732354520,0,5,12,16
b2467bf2,ts1739732354529,35,26,22,20
b2467bf2,ts1739732354541,3,12,16,18
b2467bf2,ts1739732354550,13,12,14,16
b2467bf2,ts1739732354563,46,36,28,24
b2467bf2,ts1739732354574,0,0,10,15
b2467bf2,ts1739732354584,53,36,28,24
b2467bf2,ts1739732354595,0,0,9,14
b2467bf2,ts1739732354605,54,35,27,23
b2467bf2,ts1739732354618,0,1,10,15
b2467bf2,ts1739732354630,44,31,24,21
b2467bf2,ts1739732354640,0,4,12,16
b2467bf2,ts1739732354651,38,26,22,20
b2467bf2,ts1739732354659,0,10,15,17
b2467bf2,ts1739732354673,21,18,17,18
b2467bf2,ts1739732354682,39,34,28,24
b2467bf2,ts1739732354695,0,0,10,15
b2467bf2,ts1739732354706,54,35,27,23
b2467bf2,ts1739732354716,0,0,9,14
b2467bf2,ts1739732354727,54,36,27,23
b2467bf2,ts1739732354738,0,1,10,15
b2467bf2,ts1739732354748,46,31,25,22
b2467bf2,ts1739732354760,0,4,11,15
b2467bf2,ts1739732354771,39,28,23,20
b2467bf2,ts1739732354781,0,10,15,17
b2467bf2,ts1739732354793,24,19,18,18
b2467bf2,ts1739732354801,31,30,26,23
b2467bf2,ts1739732354813,0,0,8,14
b2467bf2,ts1739732354826,53,35,27,22
b2467bf2,ts1739732354833,0,0,8,14
b2467bf2,ts1739732354847,54,37,28,23
b2467bf2,ts1739732354857,0,0,10,15
b2467bf2,ts1739732354869,46,32,25,22
b2467bf2,ts1739732354879,0,4,11,15
b2467bf2,ts1739732354891,41,29,23,21
b2467bf2,ts1739732354901,0,9,14,17
b2467bf2,ts1739732354913,29,23,21,20
b2467bf2,ts1739732354922,20,24,23,22
b2467bf2,ts1739732354934,0,0,8,14
b2467bf2,ts1739732354945,54,36,27,23
b2467bf2,ts1739732354956,0,0,9,14
b2467bf2,ts1739732354967,55,36,27,23
b2467bf2,ts1739732354978,0,0,9,14
b2467bf2,ts1739732354988,49,33,25,22
b2467bf2,ts1739732354999,0,3,11,15
b2467bf2,ts1739732355007,42,30,24,21
b2467bf2,ts1739732355021,0,7,13,16
b2467bf2,ts1739732355032,31,24,21,20
b2467bf2,ts1739732355043,9,16,18,19
b2467bf2,ts1739732355052,0,4,10,13
b2467bf2,ts1739732355065,53,37,28,23
b2467bf2,ts1739732355075,0,0,9,15
b2467bf2,ts1739732355083,53,36,28,23
b2467bf2,ts1739732355097,0,0,8,14
